Year,Which languages are you proficient in?
2011,"Java, JavaScript, CSS, PHP, Python, Ruby, SQL, C#, C++, C, Perl, None, other (please specify)"
2011,JavaScript
2011,"Java, SQL, C"
2011,"Java, JavaScript, SQL"
2011,"Java, Haskell"
2011,"Java, JavaScript, CSS, PHP, SQL, C++, C, Perl"
2011,"JavaScript, SQL, C#"
2011,"JavaScript, CSS, PHP, Python, SQL, C#, C++, C, Perl"
2011,"JavaScript, CSS, PHP, SQL"
2011,C#
2011,
2011,"SQL, C#, C++, C"
2011,"JavaScript, Python, SQL, C++, C, Perl"
2011,C#
2011,"Java, JavaScript, CSS, PHP, Python, SQL, C"
2011,"Java, Python, SQL"
2011,"JavaScript, CSS, SQL, C#, Perl, VB"
2011,"Java, Python, SQL, C#, C, MATLAB"
2011,"SQL, C#"
2011,"Java, JavaScript, CSS, PHP"
2011,"Java, Python, C#"
2011,"JavaScript, CSS, SQL, C#"
2011,"Java, Python, C++"
2011,"PHP, SQL, C#, C++, C"
2011,"JavaScript, CSS, SQL, C#"
2011,"SQL, C#"
2011,"CSS, SQL, C#, C++"
2011,"SQL, C#"
2011,"Java, SQL, C#"
2011,
2011,"JavaScript, CSS, SQL, C#"
2011,"Java, JavaScript, CSS, Python, Ruby, SQL, C#, C++, C"
2011,"Java, PHP, Python, C++, C"
2011,"JavaScript, CSS, SQL, C#"
2011,"Java, JavaScript, Python"
2011,
2011,"Java, JavaScript, Objective-C 2.0"
2011,"JavaScript, CSS"
2011,"Java, SQL, C#"
2011,"JavaScript, SQL, C#"
2011,"JavaScript, C#"
2011,"C#, C++"
2011,Objective-C
2011,"Java, JavaScript, CSS, PHP, SQL, Perl"
2011,"CSS, Python"
2011,"Java, JavaScript, CSS, SQL, C#"
2011,"JavaScript, CSS, PHP, SQL, C"
2011,"Java, JavaScript, CSS, PHP, Python, SQL"
2011,"JavaScript, CSS, SQL, VBA"
2011,"JavaScript, SQL, C#"
2011,"SQL, C#, VB.NET, WPF, Silverlight, Entity-Framework"
2011,"Java, C"
2011,"Java, JavaScript, CSS, PHP, SQL"
2011,"JavaScript, CSS, PHP, Ruby, C#, C++, C"
2011,Python
2011,"Java, JavaScript, CSS, PHP, SQL, C++, C"
2011,"JavaScript, SQL, C#, C"
2011,"Java, JavaScript, CSS, PHP, Python, SQL, C"
2011,"Python, C++, C"
2011,"JavaScript, CSS, SQL, C#"
2011,"Java, SQL, C#, C++, C"
2011,"Java, C, Perl, Ada"
2011,"JavaScript, SQL, C#"
2011,"JavaScript, CSS, PHP, Python, SQL, ASP Classic"
2011,"CSS, PHP, SQL, Perl"
2011,"JavaScript, SQL, C#"
2011,"JavaScript, CSS, Python, C#, C++, C"
2011,"JavaScript, CSS, PHP, SQL, C, Perl"
2011,"Python, C++, C"
2011,"Java, JavaScript, CSS, PHP, SQL"
2011,"Java, JavaScript, CSS, PHP, Ruby, SQL"
2011,"SQL, C#"
2011,
2011,"JavaScript, CSS, PHP, SQL, actionscript"
2011,"Java, C++, C, Perl"
2011,"Java, SQL, C"
2011,"C++, Mathematica"
2011,"C, Objective-C"
2011,"Java, Python, C++"
2011,"Python, SQL, C++, vb.net"
2011,"Java, Python, C#, C++"
2011,
2011,"Java, JavaScript, CSS, PHP, Python, SQL, C"
2011,"Java, JavaScript, CSS, PHP, Python, SQL, C#, C++, C"
2011,"JavaScript, CSS, SQL, CFML"
2011,"JavaScript, CSS, PHP, SQL, C#, coldfusion"
2011,"JavaScript, C#"
2011,
2011,"Java, SQL, C#, C++, C"
2011,"JavaScript, CSS, SQL, C#"
2011,"Java, JavaScript, CSS, PHP, Python, SQL"
2011,"SQL, C++, C, Perl"
2011,"SQL, R; VBA"
2011,Java
2011,"SQL, Object Pascal"
2011,"C#, VB.NET, VB6, VBA"
2011,"Ruby, SQL, C#, Perl"
2011,
2011,CSS
2011,"Java, PHP, Python, C#, C++, C"
2011,"JavaScript, CSS, Python, Perl"
2011,"C#, C"
2011,"Java, CSS, PHP"
2011,"SQL, C#"
2011,"JavaScript, CSS, PHP, SQL, C#"
2011,
2011,"Java, PHP, Python, SQL, C++, C, Perl"
2011,"PHP, SQL, C++, C"
2011,"JavaScript, CSS, SQL, C#, VB.NET"
2011,
2011,"CSS, PHP, SQL"
2011,"SQL, C, Perl"
2011,"Python, C++, C, Perl, Maple bash"
2011,"JavaScript, PHP, SQL, C, Perl"
2011,"Java, Python, C++, C"
2011,"C#, C++, C"
2011,"Java, JavaScript, PHP, SQL, C++, C, Perl"
2011,"Java, C#, C"
2011,"Java, JavaScript, CSS, PHP, SQL, C#"
2011,"Java, SQL, C#"
2011,"JavaScript, CSS, SQL, C#"
2011,"JavaScript, SQL, C#"
2011,"Java, SQL, C#"
2011,
2011,"Java, Python"
2011,"C++, C"
2011,Python
2011,"Java, JavaScript, Python, C++, C, Perl"
2011,"Java, C++, C"
2011,Visual Dataflex
2011,"Java, JavaScript, CSS, PHP, SQL"
2011,"Java, JavaScript, PHP, C"
2011,"Java, JavaScript, CSS, PHP, SQL, C#, C++"
2011,"JavaScript, PHP, SQL, C#"
2011,C++
2011,
2011,"JavaScript, CSS, PHP, SQL, C#"
2011,None
2011,"JavaScript, CSS, PHP, SQL, Perl"
2011,
2011,"Java, PHP, Python, SQL, C"
2011,"Java, JavaScript, CSS, PHP, C++, XSLT"
2011,
2011,"JavaScript, CSS, PHP, If CSS is a language, surely so is HTML?"
2011,"Java, JavaScript, CSS, Ruby, SQL, C++, C, Perl"
2011,
2011,"JavaScript, CSS, SQL, C#"
2011,"Java, JavaScript, CSS, PHP, SQL, C#, C++, C"
2011,"Python, C++, C"
2011,"JavaScript, C++, C, Perl"
2011,"Java, JavaScript, CSS, PHP, Python, C++, C"
2011,"Java, JavaScript, CSS, SQL, C#"
2011,"CSS, PHP, SQL, C++, jQuery"
2011,"Java, JavaScript, CSS, SQL"
2011,
2011,"JavaScript, CSS, PHP, Python, Ruby, SQL, C#, C++, C, ActionScript"
2011,"JavaScript, CSS, PHP"
2011,"Java, JavaScript, Ruby, C#"
2011,"JavaScript, PHP, SQL, C#"
2011,"CSS, PHP, SQL, ASP"
2011,"Java, Python, SQL, C#, C++, C"
2011,
2011,"Java, PHP, Python"
2011,"Java, JavaScript, CSS, PHP, C++, C"
2011,"Java, JavaScript, CSS, PHP, SQL, C#"
2011,"Ruby, SQL, C#"
2011,Java
2011,"JavaScript, CSS, PHP"
2011,"C#, C++, C"
2011,"Java, JavaScript, CSS, SQL, C#"
2011,"CSS, PHP, Python, SQL, C#, VB.NET"
2011,"Java, JavaScript"
2011,"Java, PHP, SQL, C#, Delphi"
2011,None
2011,"C++, C"
2011,"Java, JavaScript, CSS, Python, SQL, C, Scala and so on"
2011,"Java, PHP, SQL, C++, C"
2011,"JavaScript, SQL, C++, C"
2011,"Java, SQL, C#"
2011,
2011,"JavaScript, CSS, PHP, Python, SQL"
2011,Java
2011,"Java, JavaScript, CSS, Python, SQL, C#, C"
2011,"JavaScript, Python, SQL, C"
2011,C
2011,"CSS, C++, C, Haskell"
2011,
2011,"SQL, C#"
2011,
2011,"Java, JavaScript, CSS, SQL, Perl"
2011,
2011,"Java, JavaScript, CSS, Ruby, SQL, C#, C"
2011,"CSS, SQL, C#, VB.Net"
2011,"JavaScript, CSS, PHP, SQL, C, Perl"
2011,"JavaScript, CSS, Python, SQL"
2011,"Java, CSS, PHP, Ruby, SQL, C++, C"
2011,"Java, SQL"
2011,"JavaScript, CSS, PHP, SQL, C#"
2011,"Java, JavaScript, CSS, PHP, Python, SQL, C++, C, scheme"
2011,"JavaScript, CSS, PHP, SQL, VB/VBScript"
2011,"Java, JavaScript, CSS, PHP, Python, Ruby, SQL, C++, C, Perl"
2011,"Java, Python, Smalltalk"
2011,"CSS, SQL, C#"
2011,"JavaScript, CSS, PHP, Ruby, SQL, C#"
2011,"Java, C#"
2011,"CSS, PHP, Python, SQL"
2011,"Java, JavaScript, CSS, SQL, C#"
2011,"C++, C, Objective-C"
2011,"JavaScript, SQL, C#"
2011,"Java, SQL, Perl"
2011,"SQL, C#, C++, C"
2011,"SQL, C#, Objective-C, GeneXus"
2011,"C, Applescript"
2011,"SQL, C#, vb.net"
2011,"SQL, C#"
2011,"JavaScript, CSS, SQL, C#"
2011,"JavaScript, CSS, PHP, SQL, C++, C"
2011,"JavaScript, CSS, PHP, Ruby, SQL"
2011,"Java, JavaScript, CSS, PHP, SQL"
2011,"Java, JavaScript, CSS, Python, SQL, C#, C++, C"
2011,"Java, CSS, Python, C++, Haskell"
2011,"JavaScript, CSS, SQL, C#, C++, C"
2011,Java
2011,
2011,"Java, Python, C++"
2011,"Java, JavaScript, CSS, SQL, C++, C, Perl"
2011,"JavaScript, CSS, PHP, SQL, Perl"
2011,C#
2011,"Python, SQL, C, Perl"
2011,"Java, JavaScript, CSS, PHP, Python, Ruby, SQL, C#"
2011,"Java, SQL, C, Perl"
2011,"JavaScript, CSS, PHP, Python, SQL"
2011,"JavaScript, CSS, SQL, C#, C++, C, html, xml"
2011,"Java, SQL, C#"
2011,"JavaScript, CSS, SQL, C#"
2011,"JavaScript, CSS, C#"
2011,"Java, JavaScript, SQL, C#"
2011,C#
2011,"Java, C++, C"
2011,"JavaScript, CSS, PHP, SQL, Perl"
2011,"Java, Ruby, objective c"
2011,"Java, JavaScript, CSS, PHP, Python, Ruby, SQL, C#, C, bash"
2011,"JavaScript, CSS, SQL, C#"
2011,"Java, PHP, Python"
2011,"Java, JavaScript, CSS, PHP, SQL, C#, C++, C, Perl"
2011,C#
2011,"JavaScript, CSS, PHP, Python, Ruby, SQL"
2011,"JavaScript, CSS, C#"
2011,"JavaScript, CSS, PHP, SQL, C, Perl"
2011,"Java, JavaScript, CSS, SQL, C#"
2011,"Java, C#, C++, C"
2011,"Python, SQL, C#, C++, C, Lua"
2011,
2011,"JavaScript, CSS, SQL, C#, C++, C"
2011,"Java, JavaScript, CSS, Python, C++, C"
2011,"Java, JavaScript, CSS, PHP, Python, SQL, C"
2011,PHP
2011,"C#, C++"
2011,"Java, JavaScript, CSS, PHP, Ruby, SQL, C++, C"
2011,"Java, SQL"
2011,"Java, JavaScript, CSS, C++, C, Lisp, Clojure"
2011,"JavaScript, CSS, PHP, Ruby, SQL"
2011,"Java, JavaScript, PHP, Python, SQL, C#, C, Perl, Erlang"
2011,"Java, Python, C++, C"
2011,
2011,"JavaScript, CSS, PHP, SQL, C#, C, Objective-C"
2011,
2011,"Java, JavaScript, CSS, SQL, C++, C, RPG"
2011,"C#, foxpro"
2011,"Java, C++, C, Perl, Objective-C"
2011,"PHP, Ruby, SQL, C#, C++, Delphi"
2011,"Python, C#, C, ActionScript"
2011,"JavaScript, CSS, SQL, C#"
2011,"Java, JavaScript, CSS, PHP, Python"
2011,"JavaScript, CSS, PHP, SQL, C#, vb.net, bash scripting"
2011,"Java, Perl"
2011,"JavaScript, CSS, PHP, SQL, C++, C, Lua"
2011,"JavaScript, CSS, SQL, C#"
2011,"SQL, C#, C++, C"
2011,"Java, Objective-C"
2011,C#
2011,"Java, JavaScript, CSS, PHP, SQL, C#, Perl"
2011,"JavaScript, CSS, PHP, C++, C, Perl"
2011,"Java, CSS, SQL"
2011,"JavaScript, CSS, SQL, C#, VB.NET"
2011,"SQL, C#, Delphi"
2011,"JavaScript, SQL, C++"
2011,"Java, JavaScript, CSS, PHP, SQL, C"
2011,"SQL, C#"
2011,"JavaScript, CSS, PHP, SQL, C#, Perl"
2011,"JavaScript, CSS, PHP, Lua"
2011,"Java, JavaScript, CSS, Python, SQL, C, Perl"
2011,"Java, C#"
2011,"Python, C#, C++"
2011,"CSS, Ruby, VB, Objective C"
2011,"Java, JavaScript, CSS, PHP, Python, SQL, C#, C++, Perl, sh"
2011,"Java, JavaScript, CSS, SQL"
2011,"Java, JavaScript, CSS, PHP, Python, SQL, C#, C++, C, Perl"
2011,Java
2011,"JavaScript, CSS, PHP"
2011,"JavaScript, CSS, PHP"
2011,"SQL, C#"
2011,"Java, JavaScript, CSS, PHP, Python, Ruby, SQL, C#, C++"
2011,"Java, JavaScript, C++, C, Perl"
2011,"Java, C#, Perl, progress abl"
2011,"JavaScript, CSS, C#"
2011,"SQL, C#, C++"
2011,"Java, JavaScript, Ruby, SQL"
2011,Perl
2011,"JavaScript, CSS, SQL, C#"
2011,"JavaScript, CSS, PHP, SQL, C#"
2011,"Java, JavaScript, CSS, Python, SQL, Objective-C"
2011,"Java, JavaScript, CSS, PHP, SQL, C"
2011,"Java, SQL, Perl"
2011,"CSS, SQL, C#, Objective c"
2011,"JavaScript, CSS, Ruby, SQL, C#"
2011,PHP
2011,"JavaScript, CSS, PHP, Perl"
2011,"Java, JavaScript, CSS, PHP, Ruby, SQL, C#, C++, ColdFusion"
2011,"Java, JavaScript, CSS, Python, C++, C, matlab"
2011,"Java, JavaScript, Ruby, SQL, C#, C++, C"
2011,"Java, CSS, SQL"
2011,"JavaScript, CSS, PHP, Ruby, SQL"
2011,
2011,Java
2011,C#
2011,"CSS, SQL, C#"
2011,"CSS, PHP, Ruby, Objective-C"
2011,"JavaScript, CSS, PHP, SQL, C#, Perl"
2011,"JavaScript, CSS, SQL, C#"
2011,"JavaScript, CSS, C#, HTML"
2011,"Java, C++, C"
2011,"JavaScript, PHP, SQL, C#"
2011,"JavaScript, CSS, PHP, Ruby, SQL"
2011,"Java, CSS, PHP, SQL, Scala"
2011,"Java, SQL, C#, C++, C"
2011,"CSS, SQL, C#"
2011,
2011,"Java, JavaScript, PHP, Ruby, SQL, C#, C++, C"
2011,"Java, PHP, Python, Ruby, C"
2011,"CSS, SQL, C#"
2011,"JavaScript, CSS, PHP, SQL, Objective-C"
2011,"C#, Perl"
2011,C#
2011,"JavaScript, CSS, Python, SQL, C++, C"
2011,"JavaScript, CSS, SQL, C#, asp.net"
2011,
2011,WebFOCUS
2011,"SQL, C++, COBOL, shell, awk"
2011,"JavaScript, CSS, SQL, C#"
2011,"JavaScript, CSS, Python, SQL, C#"
2011,"Java, JavaScript, CSS, PHP, C++, C"
2011,"Python, SQL, C#, C, Delphi"
2011,"CSS, PHP, SQL, C#"
2011,"Java, JavaScript, CSS, PHP, Python, SQL, C#, C++, C"
2011,"Java, JavaScript, CSS, SQL, C#, C++, C"
2011,"Java, JavaScript, CSS, PHP, Python, Ruby, SQL, Perl"
2011,"Java, CSS, Ruby, C#, C++"
2011,"Java, JavaScript, CSS, SQL, C#, Perl"
2011,"JavaScript, CSS, SQL, C#"
2011,"Java, JavaScript, C#, C++, C"
2011,"SQL, C#, Perl"
2011,"Java, CSS, PHP, C#"
2011,"Java, C#, C++, C, Haskell"
2011,"Java, CSS, SQL, C++, C, Perl"
2011,"JavaScript, CSS, SQL, C#"
2011,"C#, C++, C"
2011,"Java, JavaScript, CSS, PHP, SQL"
2011,"Python, SQL, C#"
2011,"Java, Ruby, C++, C"
2011,None
2011,"Java, CSS, PHP, Python, SQL"
2011,"Python, C#"
2011,"JavaScript, CSS, ActionScript"
2011,"Java, JavaScript, CSS, PHP, Ruby, SQL, C#, Perl"
2011,
2011,"JavaScript, CSS, PHP, Ruby, Objective-C (OSX)"
2011,"Java, JavaScript, CSS, PHP, Python, Ruby, SQL, C#, C"
2011,"Java, JavaScript, CSS, C#"
2011,"Java, JavaScript, CSS, Python, Ruby, Scala, Haskell, more"
2011,objective-c
2011,"Java, JavaScript, CSS"
2011,"JavaScript, PHP, SQL, C#"
2011,"JavaScript, PHP, SQL, C"
2011,"Java, JavaScript, PHP, SQL, coldfusion"
2011,"JavaScript, CSS, SQL, C#"
2011,"Python, Perl"
2011,"JavaScript, C#"
2011,"JavaScript, CSS, PHP, Python, SQL, Perl"
2011,"JavaScript, CSS, PHP, Ruby, SQL, C++"
2011,"Java, C++"
2011,"Java, SQL, C#, C++, C, F#, VB, Delphi"
2011,"SQL, C#"
2011,"Perl, shell"
2011,"Java, JavaScript, CSS, C#, C++, C"
2011,"JavaScript, CSS, Ruby, C"
2011,"Java, JavaScript, CSS, C#"
2011,"Java, JavaScript, CSS, SQL, C#, ActionScript3, VB.Net"
2011,"JavaScript, Ruby, SQL, C#"
2011,"JavaScript, CSS, SQL, C#, VB"
2011,"JavaScript, CSS, Ruby, SQL, C#, C++, Perl"
2011,"Java, JavaScript, CSS"
2011,"Java, JavaScript, CSS, Ruby, SQL"
2011,Objective-C
2011,"Java, JavaScript, CSS, PHP, Python, SQL"
2011,"C#, delphi"
2011,"Java, JavaScript, CSS, PHP, SQL, C#"
2011,"Java, JavaScript, CSS, PHP, Python, SQL"
2011,"Java, C#"
2011,None
2011,"JavaScript, CSS, PHP"
2011,"JavaScript, CSS, PHP, SQL, C, Perl"
2011,
2011,"JavaScript, CSS, PHP, Ruby, SQL"
2011,"Java, JavaScript, CSS, SQL, C#"
2011,"JavaScript, CSS, SQL, VB.net"
2011,"Java, Python, C++, C"
2011,"SQL, C#, VB.Net"
2011,"JavaScript, CSS, SQL, C#"
2011,"C#, C++, C, vb6 vb.net"
2011,"JavaScript, CSS, PHP, Ruby, SQL, C"
2011,"Java, JavaScript, CSS, SQL, Scala"
2011,"JavaScript, CSS, PHP, SQL, C#"
2011,"SQL, C#, Perl, ""Proficient"" seems too rosey a word for it."
2011,"Java, CSS, PHP, Ruby, SQL"
2011,"JavaScript, CSS, SQL, C#"
2011,"JavaScript, CSS, PHP, Python, SQL, C#, C++"
2011,C#
2011,"Java, JavaScript, CSS, PHP, Python"
2011,"Java, JavaScript, SQL, C#, C++, C, VB"
2011,"JavaScript, CSS, PHP, SQL, C#"
2011,"JavaScript, PHP, SQL, C#"
2011,"PHP, Python, Ruby, SQL"
2011,"Java, JavaScript, CSS"
2011,"JavaScript, CSS, SQL, C#"
2011,"Java, JavaScript, CSS, Python, SQL"
2011,
2011,"C++, C"
2011,"Java, JavaScript, CSS, C++, C, Perl"
2011,"Java, JavaScript, CSS, Python, Ruby, SQL, Ruby"
2011,"JavaScript, CSS, PHP, SQL, C#, Perl"
2011,
2011,"JavaScript, CSS, PHP, SQL, C#"
2011,"Java, Objective C"
2011,"JavaScript, CSS, PHP, SQL, C#"
2011,"JavaScript, CSS, C#"
2011,"CSS, PHP, Python, SQL"
2011,"JavaScript, CSS, PHP, Python, SQL"
2011,"JavaScript, SQL, C#"
2011,"JavaScript, CSS, SQL, C#, C++, C"
2011,"JavaScript, CSS, SQL, C#"
2011,"Java, Python, C++"
2011,"C#, C++, VB"
2011,"Java, JavaScript, SQL"
2011,"C++, C, Lisp"
2011,"JavaScript, PHP, Python"
2011,"Java, JavaScript, CSS, Python, SQL, C#"
2011,C#
2011,"Java, JavaScript, CSS, PHP, Python, SQL, C++, C, Perl"
2011,"Java, SQL, C#, C++, C, Perl"
2011,"Java, JavaScript, CSS, PHP, Python"
2011,"JavaScript, CSS, PHP, SQL, C#"
2011,"Java, CSS, SQL, Objectve C"
2011,"JavaScript, CSS, PHP, C#"
2011,"Java, JavaScript, CSS, PHP, SQL, C#, Perl"
2011,"JavaScript, CSS, SQL, C#"
2011,"Java, JavaScript, CSS, PHP, Python, Ruby, SQL, C#, Perl"
2011,"CSS, Python, C++, C"
2011,"JavaScript, CSS, Python, SQL, C#, C++, C"
2011,"JavaScript, SQL, C#"
2011,"Java, JavaScript, CSS, SQL, C#, Objective C"
2011,"Java, C#"
2011,"Python, Delphi"
2011,"JavaScript, CSS, SQL, C#"
2011,"Java, JavaScript, CSS, PHP, Python, SQL"
2011,"Java, JavaScript, CSS, PHP, Python, SQL, C#"
2011,"Java, C#, C++, C, Perl"
2011,
2011,"JavaScript, CSS, PHP, Python"
2011,"Java, C#"
2011,"JavaScript, CSS, SQL, C#"
2011,"CSS, PHP, Ruby, SQL"
2011,"JavaScript, CSS, SQL, C#"
2011,"Java, JavaScript, CSS, Python, SQL, Perl"
2011,"Java, C++"
2011,"CSS, Python, SQL"
2011,"JavaScript, CSS, HTML"
2011,Java
2011,"JavaScript, CSS, PHP, SQL, Symfony"
2011,"Java, C, Perl"
2011,"JavaScript, CSS, SQL, C#"
2011,"JavaScript, SQL, C#"
2011,C#
2011,"Java, JavaScript, CSS, PHP, Ruby, SQL, C#, Perl"
2011,"Python, C++, C, Objective C"
2011,
2011,Java
2011,"Java, CSS, PHP, Python, SQL, C++"
2011,"C#, C++"
2011,"JavaScript, CSS, PHP, C#"
2011,"Java, CSS, C#, C++, C"
2011,"PHP, C, Perl, Lua, SQL"
2011,"JavaScript, CSS, SQL, C#"
2011,"JavaScript, CSS, Python, Ruby"
2011,"CSS, Python, Ruby, C++, C, Perl, Haskell"
2011,"SQL, C#"
2011,"SQL, C#, C++"
2011,"Java, JavaScript, Python, SQL, C#, C++, C"
2011,"CSS, Ruby, SQL, C#, Delphi, Objective-C"
2011,"SQL, C#, C++"
2011,"Java, Python, SQL, C#, Perl"
2011,"Java, JavaScript, CSS, PHP, SQL, Actionscript 3, Objective-C"
2011,"Python, R"
2011,"JavaScript, CSS, SQL, C#"
2011,"JavaScript, PHP, SQL, Delphi"
2011,"JavaScript, Ruby, C#"
2011,"JavaScript, CSS, PHP, Ruby, SQL, C++, C"
2011,"Perl, excel"
2011,"JavaScript, CSS, PHP, SQL"
2011,"Java, JavaScript, CSS, PHP, Ruby, SQL, C#, C"
2011,
2011,"JavaScript, CSS, SQL, C#"
2011,"Java, JavaScript, CSS, SQL, C#"
2011,None
2011,C#
2011,
2011,SQL
2011,"JavaScript, CSS, PHP, SQL, Perl"
2011,"JavaScript, Ruby, C++, C"
2011,"Java, PHP, SQL"
2011,
2011,"Java, JavaScript, CSS, Ruby, SQL"
2011,"Java, SQL"
2011,"Java, JavaScript, CSS, PHP, SQL, C#"
2011,"JavaScript, CSS, C#"
2011,"JavaScript, CSS, PHP, Python, SQL, C#"
2011,"JavaScript, CSS, SQL, C#, Perl"
2011,"CSS, PHP, SQL"
2011,
2011,"Java, JavaScript, CSS, PHP, SQL, C#"
2011,"JavaScript, CSS, SQL, C#, vb.net"
2011,"Java, JavaScript, CSS, Ruby, SQL, C++, C, Adobe Flex, Delphi"
2011,"Java, JavaScript, PHP, SQL, C#, C++, C"
2011,"Java, JavaScript, CSS, SQL, C#, C++, C"
2011,"SQL, C#, C++, C, Objective-C"
2011,"Python, SQL, C#"
2011,"Java, JavaScript, CSS, PHP, Python, Ruby, SQL"
2011,"Java, SQL, C#, C++, C, Perl"
2011,"Java, JavaScript, CSS, PHP, SQL, C#"
2011,"Java, JavaScript, CSS, PHP, Python, Ruby, SQL, C#, C++, C, Perl, None"
2011,"Java, JavaScript, CSS, SQL, C#, Objective-C"
2011,"Java, JavaScript, CSS, SQL"
2011,"Java, JavaScript, CSS, PHP, SQL, C#, C++, C"
2011,"JavaScript, SQL, C#"
2011,"PHP, SQL, C#, C++"
2011,C#
2011,"Java, PHP, Python, C++, C"
2011,None
2011,"Java, Python, C"
2011,"JavaScript, CSS, PHP, Python, Ruby"
2011,"JavaScript, CSS, Python, Ruby, C++, C, Perl, Clojure"
2011,"Java, CSS, C#, C++, C"
2011,"Java, JavaScript, CSS, Ruby, SQL, C#, C++, Objective-C"
2011,"CSS, Ruby, SQL, C, Objective-C"
2011,
2011,"CSS, SQL, C#"
2011,"C#, C++, C, Perl"
2011,"Java, PHP, C++, C"
2011,"Java, PHP"
2011,"Java, CSS, C#, C++, C"
2011,"Java, JavaScript, Ruby, SQL, C#, Groovy, Erlang"
2011,"JavaScript, CSS, SQL, C#"
2011,"Java, Python, C#, C++, C"
2011,"Java, JavaScript, CSS, Python, Ruby, SQL, C#, C"
2011,"CSS, PHP, Ruby, SQL, C#, C++"
2011,"Python, C++"
2011,"JavaScript, C#, C, FORTRAN"
2011,"Java, JavaScript, PHP, Python, SQL, C"
2011,"JavaScript, PHP, Python"
2011,"Java, JavaScript, SQL"
2011,
2011,"Java, JavaScript, CSS, C#"
2011,Vb
2011,"JavaScript, CSS, PHP"
2011,"Java, JavaScript, CSS, SQL, C#"
2011,"Java, SQL, C#, C++, C, Objective-C"
2011,"Java, JavaScript, PHP, Python, SQL, C"
2011,"Java, JavaScript, Python"
2011,"Java, SQL, C#"
2011,"C#, LISP"
2011,
2011,"Java, JavaScript, CSS, PHP, Perl"
2011,"JavaScript, CSS, PHP, SQL, C#, ActionScript 3.0"
2011,"SQL, C#, C++"
2011,"Java, JavaScript, PHP"
2011,"JavaScript, CSS, PHP, SQL, C#, C++, C"
2011,"JavaScript, PHP, SQL, C++"
2011,"Java, JavaScript, CSS, PHP, SQL, C#"
2011,"JavaScript, PHP, SQL"
2011,"JavaScript, CSS, SQL, C#"
2011,"Java, JavaScript, Python, C++, prolog, lua"
2011,"Java, SQL"
2011,"JavaScript, CSS, PHP, C#, C++, C, Perl"
2011,"JavaScript, CSS, html"
2011,"Java, JavaScript, CSS, Ruby, SQL, C#"
2011,"C#, C++"
2011,"JavaScript, CSS, ColdFusion"
2011,"SQL, C#, C++"
2011,"Java, JavaScript, Ruby"
2011,PHP
2011,
2011,"Java, JavaScript, PHP, Ruby, C#"
2011,"Java, assembler"
2011,"Java, JavaScript, CSS, PHP, Python, Ruby, SQL, Scala"
2011,"JavaScript, Python, C++"
2011,"JavaScript, CSS, SQL, C#"
2011,"JavaScript, CSS, SQL, C#"
2011,"Java, JavaScript, CSS, SQL, RPG"
2011,"JavaScript, CSS, PHP, SQL, VBscript"
2011,"Java, JavaScript, Python, SQL, C#, C++, C, Objective-C"
2011,"Python, C#, C++, C"
2011,"JavaScript, CSS, Ruby, SQL, C#"
2011,C#
2011,"JavaScript, CSS, PHP, Python, SQL"
2011,"JavaScript, CSS, SQL, C#"
2011,
2011,"JavaScript, CSS, C#, F#"
2011,"JavaScript, CSS, PHP, Python, SQL, C++"
2011,"Java, JavaScript, CSS"
2011,"Java, Python, C++, C"
2011,"Java, PHP, Ruby, SQL"
2011,"Java, JavaScript, CSS, PHP, Python, SQL"
2011,"Java, JavaScript, CSS"
2011,"PHP, Ruby, SQL"
2011,
2011,"Java, JavaScript, CSS, PHP, SQL"
2011,"JavaScript, CSS, PHP, Python, Ruby, SQL"
2011,VB.NET
2011,"Java, JavaScript, CSS, PHP, Ruby, SQL, C++, C, Objective-C"
2011,C#
2011,"Java, JavaScript, CSS, PHP, Python, Ruby, SQL, C, Objective-C"
2011,"CSS, Python, SQL"
2011,"C, Perl"
2011,"JavaScript, CSS, PHP, SQL"
2011,"Java, JavaScript, CSS, PHP, Python, SQL, C++, C, Perl, Objective-C"
2011,"Java, CSS, SQL"
2011,
2011,"Java, Ruby, SQL, C, scala"
2011,"Java, JavaScript, CSS"
2011,"JavaScript, Ruby, SQL, C#"
2011,"SQL, C#"
2011,"Java, PHP, Python, SQL, C++, C"
2011,"JavaScript, CSS, Python, Ruby, C++, C, Objective-C"
2011,"CSS, SQL, C#"
2011,"Java, JavaScript, CSS, PHP, Ruby, SQL, C#"
2011,"Java, Python, C, Perl"
2011,"SQL, C, Perl"
2011,"Java, Python, SQL, C#, C++, C"
2011,"Java, JavaScript, Python, C#, C++"
2011,"PHP, C#"
2011,"CSS, PHP"
2011,"Java, JavaScript, SQL, C#"
2011,"Java, JavaScript, CSS, Python, Ruby, C++, C, Perl"
2011,"JavaScript, SQL, C#"
2011,"JavaScript, CSS, PHP, SQL, C#"
2011,"Java, JavaScript, CSS, PHP, SQL, C#, C++, C"
2011,"Java, CSS, SQL, C#, C++, C"
2011,"Java, JavaScript, CSS, SQL"
2011,"JavaScript, CSS, PHP, Python, SQL"
2011,C#
2011,"JavaScript, CSS, SQL, C#, Visual Basic .NET"
2011,"JavaScript, CSS, Python, SQL, C, Common Lisp"
2011,"JavaScript, SQL, C#"
2011,"JavaScript, CSS, PHP, Python, SQL, C#, C"
2011,"JavaScript, CSS, PHP, Python"
2011,"SQL, vb"
2011,"Java, C++, R"
2011,"Java, JavaScript, CSS, Ruby"
2011,"Java, CSS, Python, SQL"
2011,"JavaScript, CSS, PHP, SQL, C, Objective-C, Cocoa"
2011,"JavaScript, CSS"
2011,
2011,"JavaScript, CSS, SQL, C#"
2011,"Java, PHP, Python, Ruby, SQL, C#, C++, C"
2011,None
2011,"JavaScript, CSS, PHP, SQL, C#"
2011,"JavaScript, CSS, SQL, C#"
2011,"JavaScript, CSS, SQL, C#"
2011,"JavaScript, CSS, PHP, SQL, C#"
2011,"Java, JavaScript, SQL"
2011,"JavaScript, CSS, SQL, VB.Net"
2011,"JavaScript, CSS, SQL, C#, vb.net"
2011,"Python, C++, C, Perl, Tcl"
2011,
2011,"Python, lotusscript"
2011,"JavaScript, SQL, C#"
2011,C#
2011,"Java, JavaScript, CSS, C#, C++, C"
2011,"Java, Ruby, SQL, C#, C++, C"
2011,"Java, SQL"
2011,
2011,"JavaScript, CSS, PHP, C#, C++, C, Perl, bash, tcl"
2011,"Java, JavaScript, SQL, C#"
2011,"Java, JavaScript, CSS, SQL, C#, C++, C, Assembler, BASIC"
2011,"Java, JavaScript, CSS, PHP, SQL, C#"
2011,"SQL, C#"
2011,"CSS, SQL, C#"
2011,"Java, JavaScript, CSS, PHP"
2011,"SQL, C#"
2011,"Java, CSS, PHP, SQL"
2011,"JavaScript, CSS, PHP, SQL"
2011,"Java, JavaScript, CSS, PHP, Python, SQL, C#, C++, C, Perl"
2011,"CSS, Python, C"
2011,"Java, JavaScript, CSS, PHP, Python, Ruby, SQL, Perl"
2011,"CSS, SQL, C#"
2011,"JavaScript, CSS, PHP, SQL, C#"
2011,"Java, JavaScript, C#, Objective-C"
2011,Perl
2011,"Python, SQL, C"
2011,"JavaScript, CSS, SQL, C#"
2011,"JavaScript, Perl"
2011,"JavaScript, CSS, SQL, C#"
2011,"Java, JavaScript, CSS, PHP, Ruby, SQL"
2011,"Java, JavaScript, CSS, PHP, Python, Ruby, SQL, Perl"
2011,"SQL, C#"
2011,"Java, JavaScript, CSS, SQL, C#"
2011,"SQL, C#"
2011,
2011,"Java, Python, SQL"
2011,"C#, C++"
2011,"Java, JavaScript, CSS, PHP, Python, Ruby, SQL, C#, C++, lisp,scheme,clojure,bash"
2011,C#
2011,"Java, Python, AS3"
2011,"Java, JavaScript, Python, C++, C"
2011,"Python, bash, BASIC"
2011,"JavaScript, CSS, PHP, Python, Ruby, SQL, Haskell"
2011,C#
2011,"JavaScript, SQL, ActionScript"
2011,"JavaScript, C#, F#, Haskell"
2011,"CSS, Python, C#, C++, C"
2011,"Java, JavaScript, PHP, SQL, C++, C"
2011,"Java, SQL, C#, C++, C"
2011,"JavaScript, CSS, SQL, C#, HTML"
2011,"Java, Objective-C, Smalltalk"
2011,"Java, JavaScript, Python, Ruby, C#, C++, C, Haskell,Scheme"
2011,
2011,"Java, JavaScript, CSS, PHP, Ruby, SQL"
2011,"Java, Python, SQL, Haskell"
2011,"Java, PHP, SQL, C#"
2011,"Java, JavaScript, CSS"
2011,"Python, C++, C, Fortran"
2011,
2011,"Java, C, Ada"
2011,"Java, SQL, Android"
2011,"Java, JavaScript, CSS, Python, SQL"
2011,objective -c
2011,
2011,"Java, JavaScript, PHP, C++, C"
2011,"Java, C#, C++"
2011,"Java, Python, SQL, C#, C++, C, Perl"
2011,"CSS, Python, SQL, C#"
2011,"PHP, SQL, None"
2011,
2011,"JavaScript, CSS, SQL, C#, C++, C"
2011,"Java, Python, Ruby, C, Perl"
2011,"C#, C++"
2011,"SQL, C#, C++, PowerBuilder"
2011,"Java, PHP, Python, SQL, C#, C++, C"
2011,
2011,"JavaScript, SQL, C#"
2011,"JavaScript, CSS, Python, Ruby, SQL, C#"
2011,"CSS, SQL, C, Lua"
2011,"Java, C#, C++, C"
2011,"JavaScript, CSS, PHP, SQL, C, Objective-c"
2011,"Java, C#, Delphi"
2011,"JavaScript, CSS, PHP, Python, SQL, C#, C++"
2011,"JavaScript, CSS, PHP, SQL, C++"
2011,"SQL, C, Perl, bash, ksh"
2011,"JavaScript, CSS, PHP, Objective-C, VB.NET"
2011,"Java, JavaScript, CSS, PHP, SQL, C#, C++"
2011,"Java, SQL, C#, C, Perl"
2011,"Java, JavaScript, PHP, Python, SQL, C++, C"
2011,"Java, SQL, C#, C++"
2011,"CSS, Ruby"
2011,"JavaScript, SQL, C++, C, Delphi"
2011,"JavaScript, PHP, SQL, C#"
2011,"JavaScript, PHP, Python, C++, C"
2011,"Java, JavaScript, CSS, Ruby, SQL, Perl"
2011,"Java, Python, C"
2011,"Java, JavaScript, CSS, SQL, C#"
2011,objective-c
2011,"Java, JavaScript, CSS, PHP, C"
2011,"JavaScript, CSS, Python, Ruby, SQL, C#, C++, Perl"
2011,"C++, C, fortran"
2011,
2011,"Java, JavaScript, CSS, PHP, SQL"
2011,"Java, CSS, Clojure, ActionScript"
2011,"JavaScript, Python, C++"
2011,"JavaScript, CSS, PHP, C#, C++"
2011,"JavaScript, CSS, SQL, C#"
2011,"Java, scala"
2011,"Java, JavaScript, CSS, PHP"
2011,"C++, LSL"
2011,C#
2011,"JavaScript, CSS, PHP, SQL"
2011,
2011,
2011,C
2011,
2011,"Java, Python, SQL"
2011,Objective-C (how is this not a choice)
2011,"JavaScript, CSS, Python, Ruby, SQL, C#, F#,VB6"
2011,"Java, JavaScript, CSS, PHP, SQL, C#, C++"
2011,C#
2011,"Java, JavaScript, CSS, PHP, Ruby"
2011,"Java, JavaScript, CSS, PHP, Python, Ruby, SQL, C#, C++, C"
2011,"JavaScript, PHP"
2011,"JavaScript, CSS, SQL, C#, asp.net-mvc"
2011,"Java, Ruby, SQL, C++, C"
2011,"JavaScript, CSS, SQL, VBScript"
2011,"JavaScript, CSS, PHP, Python, SQL, Perl"
2011,"Java, JavaScript, Python, SQL, C++"
2011,"JavaScript, SQL, C#"
2011,"CSS, C++"
2011,"Java, CSS, Ruby, C++, C"
2011,
2011,C#
2011,
2011,"Java, JavaScript, CSS, PHP, Python, C"
2011,"Python, C++"
2011,"Java, JavaScript, CSS, Ruby, SQL, C++, C"
2011,"C#, powershell"
2011,"Java, C++, C, ActionScript"
2011,"CSS, PHP, C#, C++, C, AS3"
2011,"Java, CSS, PHP, SQL, C++"
2011,"JavaScript, CSS, PHP, SQL, tcl"
2011,"Java, C#"
2011,"Python, R"
2011,
2011,"JavaScript, CSS, PHP, SQL"
2011,"JavaScript, CSS, PHP, C++, C"
2011,"PHP, Python, C++, C"
2011,"Java, CSS, SQL, C#"
2011,
2011,"CSS, PHP, SQL, C#, C++, Perl"
2011,Java
2011,"Java, CSS, Ruby, C++, C, objective c"
2011,"Java, JavaScript, CSS, PHP, Python, Ruby, Perl"
2011,Perl
2011,"C#, Objective-C"
2011,"Java, JavaScript, CSS, PHP"
2011,"Java, JavaScript, CSS, PHP"
2011,"Java, JavaScript, C++, Scala"
2011,"JavaScript, CSS, PHP, SQL, ASP 3.0"
2011,"Java, CSS, Groovy"
2011,"Java, C++, C, ada"
2011,"JavaScript, CSS"
2011,"JavaScript, CSS, SQL, C#"
2011,"Java, JavaScript, CSS, PHP, SQL, C++, C"
2011,"Java, JavaScript, PHP, C#, C++, C"
2011,"Java, JavaScript, C"
2011,"JavaScript, CSS, PHP, SQL"
2011,"Java, C++, C, Perl"
2011,"CSS, PHP"
2011,"Java, CSS, PHP, SQL, C#, C++"
2011,"Python, C++, C, Objective C"
2011,None
2011,"Java, CSS, C#"
2011,"JavaScript, CSS, SQL, C#, HTML"
2011,"Java, Ruby, SQL, C++, C"
2011,"JavaScript, CSS, PHP, Python"
2011,Java
2011,C#
2011,"Java, CSS, PHP, Python, Ruby, C++, C, Perl, name it."
2011,"JavaScript, CSS, PHP, Ruby, SQL, C++, Perl"
2011,"Java, JavaScript, PHP, Ruby, SQL, C++, C, Objective-C"
2011,"CSS, HTML"
2011,"CSS, PHP, SQL, C#, ABAP"
2011,"Java, CSS, Ruby, C, Shell Scripting, Objective-C"
2011,"Java, JavaScript, CSS, Ruby"
2011,"JavaScript, SQL, C#, VB"
2011,"Java, PHP, SQL, C#, C++, C"
2011,"Java, CSS, PHP, C++, C, x86 assembler OO-pascal"
2011,"SQL, C#"
2011,"JavaScript, CSS, PHP, SQL, C++, C, None, Pascal, Assembler"
2011,"JavaScript, CSS, PHP, Python, SQL, C++, C, Lua"
2011,"JavaScript, CSS, SQL, C#"
2011,"SQL, C#"
2011,"JavaScript, CSS, SQL, C#"
2011,"Java, JavaScript, CSS, SQL, C#, Perl"
2011,"PHP, SQL, C#, C++, C"
2011,"JavaScript, CSS, PHP, C++, C"
2011,"Java, Ruby, C, Objective C"
2011,"CSS, PHP, SQL, C#, C++, C, Assembly"
2011,"JavaScript, CSS"
2011,
2011,"CSS, PHP, vb"
2011,Java
2011,"CSS, PHP, Ruby"
2011,"JavaScript, CSS, PHP, Ruby, C"
2011,"Java, Python, SQL, C#, C"
2011,"Java, SQL"
2011,"JavaScript, SQL, C#, C++, C"
2011,"Java, CSS, PHP, SQL"
2011,"JavaScript, CSS, Python, SQL"
2011,"Java, JavaScript, CSS, PHP, C#, C++, C"
2011,"Java, JavaScript, PHP, SQL, C++, C, Perl, ObjectiveC"
2011,"JavaScript, CSS, Ruby"
2011,"Java, CSS, C#, Objective C"
2011,Java
2011,"Java, Python, C++, C"
2011,"Java, JavaScript, CSS, PHP, SQL, C#, C++, C"
2011,"Java, Perl, Prolog"
2011,"JavaScript, CSS, PHP, SQL, C#"
2011,"Java, JavaScript, CSS, Python, Ruby, SQL, C#, C++, C, Perl, R VB"
2011,Java
2011,"Java, C++, C"
2011,"Java, JavaScript, CSS, PHP, SQL, Coldfusion"
2011,"JavaScript, CSS, PHP, SQL"
2011,
2011,"Java, JavaScript, CSS, Python, SQL"
2011,"JavaScript, CSS, C#"
2011,Java
2011,"Java, PHP, SQL, C#, C++, C"
2011,"JavaScript, C#"
2011,"Java, SQL, C, Perl"
2011,"SQL, C#, C, obj-c , vba"
2011,C
2011,"JavaScript, CSS, PHP, SQL, C#"
2011,"CSS, PHP, Python, Ruby, SQL, C, lisp"
2011,"JavaScript, CSS, PHP, Python, SQL, C, Perl, Lisp, Haskell, Prolog"
2011,"Java, C#"
2011,"Java, JavaScript, CSS"
2011,"CSS, Python, C++, C"
2011,Java
2011,"JavaScript, CSS, PHP, C++, C, R"
2011,"JavaScript, CSS, PHP, SQL, C#"
2011,"JavaScript, CSS, PHP, Python, Ruby, SQL, C#"
2011,"JavaScript, CSS, PHP, SQL, C#, C++, Perl"
2011,"JavaScript, CSS, SQL, C#"
2011,"JavaScript, CSS, SQL, C#"
2011,PHP
2011,C#
2011,"Java, JavaScript, CSS, PHP, Python, SQL, C, Perl"
2011,
2011,"JavaScript, CSS, PHP, SQL, C#, C++"
2011,"JavaScript, CSS, SQL, C#"
2011,"C#, C++, C, VB.NET, VB 6, VBScript, VBA"
2011,C
2011,"JavaScript, CSS, PHP, Python, SQL, Perl"
2011,
2011,"SQL, C, Perl, PowerBuilder"
2011,
2011,None
2011,None
2011,"Java, JavaScript, CSS, PHP, SQL"
2011,Java
2011,"JavaScript, C#, ColdFusion"
2011,"Java, JavaScript, CSS, PHP, SQL, C#"
2011,"Java, JavaScript, PHP, Python, SQL, C++, C"
2011,"Java, CSS, PHP"
2011,"PHP, SQL"
2011,"Java, JavaScript, CSS, PHP, Ruby, SQL, C, Scala"
2011,
2011,"SQL, VB.NET"
2011,
2011,"CSS, PHP"
2011,"JavaScript, CSS, SQL, C#, f#"
2011,"JavaScript, CSS, Python, SQL"
2011,"JavaScript, CSS, PHP"
2011,"Java, JavaScript, CSS, PHP, SQL, C#"
2011,"Java, PHP, C++, C, Haskell, LISP"
2011,"C#, f#"
2011,"Ruby, SQL, C#"
2011,C#
2011,"Ruby, C++"
2011,"Java, C#, C++"
2011,"JavaScript, CSS, SQL, C#"
2011,"SQL, C#"
2011,"JavaScript, CSS, Python, SQL, C++, C"
2011,ColdFusion
2011,C#
2011,"Java, JavaScript, CSS, Python, SQL, C#"
2011,"C++, C"
2011,"JavaScript, PHP, Ruby, SQL"
2011,"Java, PHP, C++"
2011,"Java, Ruby, SQL"
2011,"Java, JavaScript, CSS, Python, C++, C"
2011,
2011,"SQL, C#"
2011,"PHP, Python, C, Perl, BASH"
2011,"Java, SQL"
2011,"Java, JavaScript, CSS, PHP, C++, C"
2011,"CSS, PHP"
2011,C++
2011,"JavaScript, CSS, SQL, C#"
2011,"SQL, C#"
2011,"JavaScript, CSS, SQL, C#"
2011,"Java, C"
2011,"SQL, C#, C++"
2011,"PHP, SQL"
2011,"CSS, Ruby, SQL"
2011,"PHP, SQL, Delphi"
2011,"JavaScript, CSS, PHP"
2011,"JavaScript, CSS, SQL, C#, C++"
2011,"JavaScript, CSS, PHP"
2011,"JavaScript, CSS, PHP, SQL, C, VB"
2011,"JavaScript, CSS, SQL, C#"
2011,"Python, C++, C"
2011,"Java, JavaScript, CSS, Python, SQL, C"
2011,"JavaScript, CSS, SQL, C#, C++, C"
2011,SQL
2011,"JavaScript, CSS, Ruby, SQL"
2011,
2011,"Python, C++, C, Haskell"
2011,"JavaScript, C#, C++, C"
2011,"Java, Ruby"
2011,
2011,C
2011,"JavaScript, CSS, SQL, C#"
2011,"JavaScript, CSS, Python, SQL"
2011,"JavaScript, CSS, PHP, SQL"
2011,
2011,"JavaScript, CSS, SQL, C#"
2011,
2011,"PHP, C++"
2011,"SQL, C#"
2011,"Java, SQL, C#"
2011,PHP
2011,
2011,"JavaScript, CSS, SQL, C#"
2011,"JavaScript, CSS, PHP"
2011,"Python, C#, C"
2011,C++
2011,"Java, SQL, C#"
2011,"Java, CSS, Python, C#, C++, C, Lisp"
2011,"Java, CSS, Python, SQL, C++, C, Perl, Objective-C"
2011,"CSS, SQL, C#"
2011,"SQL, C#"
2011,"Java, JavaScript, CSS, scala"
2011,"JavaScript, CSS, PHP, Python, SQL"
2011,"Java, JavaScript, CSS, PHP, SQL, C#, C++, C"
2011,"Java, JavaScript, CSS, SQL, Perl"
2011,"CSS, PHP, jquery"
2011,"SQL, C#, C++, C, PowerShell"
2011,"C++, C, Objective-C (how dare you leave that out)! :-P"
2011,"C#, Classic VB"
2011,"JavaScript, CSS, SQL, C#, VB.NET"
2011,"Java, JavaScript, CSS, Python, SQL, C#, C++"
2011,
2011,
2011,"Java, JavaScript, CSS, PHP, Python, SQL, C#, C"
2011,"C++, C, bash"
2011,"JavaScript, CSS, PHP, SQL"
2011,"JavaScript, PHP, SQL, C#, C++, C, Perl"
2011,"JavaScript, CSS, SQL, C#"
2011,"Java, SQL, C#, VB.NET"
2011,"PHP, C#, C++"
2011,"CSS, PHP, SQL, C++, C"
2011,"Java, JavaScript, CSS, C#, C++"
2011,"JavaScript, CSS, PHP, Python, Ruby, SQL, C#, Perl"
2011,"Java, JavaScript, Python, SQL, C++"
2011,"Java, JavaScript, CSS, Python, SQL, C++, C"
2011,"Java, JavaScript, Python, SQL, C#, XSLT"
2011,"Java, JavaScript, CSS, SQL"
2011,"JavaScript, CSS, PHP, Ruby, SQL, C#"
2011,"CSS, SQL, C#"
2011,"Java, JavaScript, CSS, PHP, Python, SQL"
2011,"C++, C, Perl"
2011,"JavaScript, PHP, C++"
2011,"SQL, C++, C"
2011,"Java, Python, C++, C"
2011,
2011,
2011,"PHP, SQL, bash"
2011,"Java, JavaScript, CSS, PHP, SQL"
2011,"JavaScript, CSS, PHP, Python, SQL, Perl"
2011,"JavaScript, SQL, C#"
2011,"JavaScript, SQL, C#"
2011,"Python, C#, C++, C"
2011,"JavaScript, SQL, C#, C++, C"
2011,"Java, Python"
2011,"JavaScript, CSS, PHP, SQL"
2011,
2011,"JavaScript, CSS, SQL, C#"
2011,"Python, C++"
2011,"JavaScript, CSS, PHP, SQL, bash"
2011,"Python, C++"
2011,C#
2011,"PHP, Python, C++, Scala"
2011,"SQL, C#, vb.net, Object Pascal"
2011,"Java, PHP, Python, SQL, C#, C++, C, Bash"
2011,"JavaScript, CSS, PHP, SQL, C, Bash"
2011,"JavaScript, CSS, Python, SQL, C#"
2011,"JavaScript, CSS, SQL, C#, C++, C, Delphi"
2011,"CSS, SQL, C#, Perl"
2011,"JavaScript, CSS, PHP, Python, C++, X86 Assembly"
2011,"Java, JavaScript, CSS, PHP, SQL, C#, C++, C, Object Pascal"
2011,"Java, JavaScript, PHP, SQL, C#"
2011,"JavaScript, CSS, PHP, SQL, C#"
2011,
2011,"JavaScript, CSS, PHP, SQL"
2011,"JavaScript, CSS, PHP"
2011,"JavaScript, CSS, PHP"
2011,"Java, JavaScript, CSS, PHP, Python, SQL, C#, C++, C"
2011,"JavaScript, CSS, PHP, Python, C, Go"
2011,"JavaScript, CSS, PHP, SQL, C#"
2011,"Java, JavaScript, CSS, PHP, SQL, C#"
2011,"Java, C#, C++, C"
2011,"JavaScript, CSS, PHP, Python, SQL"
2011,"Java, Python, C++, C"
2011,"JavaScript, CSS, C#"
2011,"CSS, PHP, SQL"
2011,"Java, JavaScript, CSS, SQL, C#, C++, C, Perl, Objective-C"
2011,"SQL, C++, VB ASP.NET"
2011,"JavaScript, CSS, SQL, C#"
2011,"Java, Python, SQL, C#"
2011,"Java, JavaScript, CSS, PHP, SQL, C#"
2011,"Java, JavaScript, CSS, PHP, Python, SQL, C#, C++, C"
2011,"Java, C#, C++, C"
2011,"Java, JavaScript, CSS, PHP, Python, SQL, C#"
2011,"JavaScript, CSS, SQL, C#"
2011,"JavaScript, C#"
2011,"JavaScript, CSS, PHP, SQL, C#"
2011,"Java, JavaScript, SQL, C#"
2011,C++
2011,"SQL, C++, C"
2011,"JavaScript, CSS, SQL, C#"
2011,"SQL, C#, Various"
2011,
2011,"JavaScript, SQL, C#, Delphi"
2011,"Java, PHP, SQL, C#, Delphi"
2011,"Java, JavaScript, CSS, PHP, SQL, C#"
2011,C#
2011,"Java, JavaScript, CSS, PHP, Python, Ruby, SQL, C++, Groovy, Scala"
2011,"JavaScript, C#, vba"
2011,"Python, SQL, C#, vb/ vba"
2011,"Java, JavaScript, CSS, PHP, SQL, C#, C++, C, Perl"
2011,Python
2011,"Java, JavaScript, CSS, PHP, SQL, C#, C, Perl"
2011,"JavaScript, CSS, SQL, C#"
2011,"Java, Python, C#, C++, C, Objective-C"
2011,Delphi
2011,"JavaScript, CSS, PHP, SQL, C#, C++, C"
2011,"JavaScript, CSS, SQL, C#"
2011,"Java, JavaScript, C#, C++, C"
2011,"SQL, C#"
2011,"JavaScript, SQL, C#"
2011,"JavaScript, SQL"
2011,"JavaScript, CSS, SQL, C#"
2011,"JavaScript, CSS, SQL, C#"
2011,"Java, JavaScript, CSS, Python, SQL, C#, C++, C"
2011,"Java, JavaScript, CSS, PHP, SQL, C#, C++, C"
2011,"JavaScript, CSS, Ruby, SQL, C#"
2011,"CSS, SQL, C#"
2011,
2011,"JavaScript, CSS, SQL, C#, C++, C"
2011,"C#, Actionscrip"
2011,"JavaScript, CSS, Ruby, SQL, C#, C++, VB.NET!"
2011,"Java, Python, SQL, C++, C"
2011,"Java, SQL, C#, Forte 4GL"
2011,"Java, Python, C#, C++"
2011,"JavaScript, CSS, C#"
2011,"Python, C#, C++, Perl"
2011,"Java, PHP, SQL, Flex"
2011,"JavaScript, CSS, Python, SQL, Objective-C"
2011,"Java, JavaScript, CSS, SQL, C#"
2011,"JavaScript, CSS, PHP, SQL, C#"
2011,"JavaScript, CSS, SQL, C#, visual basic"
2011,C#
2011,"JavaScript, CSS, Python, SQL, C#"
2011,"SQL, C#, Objective-C"
2011,"Java, SQL, C++, C"
2011,"Java, JavaScript, CSS, PHP, C++, C, Objective C"
2011,"SQL, Delphi"
2011,"Java, JavaScript, CSS, SQL, C++, C"
2011,"SQL, C#"
2011,"JavaScript, SQL, C#, VB.NET"
2011,"Java, JavaScript, SQL"
2011,"Java, CSS, Python, C#, C++"
2011,"JavaScript, CSS, SQL, C#"
2011,"Java, C#"
2011,CSS
2011,"JavaScript, CSS, PHP, Python, SQL, vb.net"
2011,"JavaScript, CSS, PHP, SQL"
2011,"Java, JavaScript, CSS, C#"
2011,C#
2011,"Java, JavaScript, CSS, PHP, Python, SQL, C"
2011,"Java, JavaScript, PHP, SQL, C#"
2011,"SQL, C#"
2011,"JavaScript, CSS, PHP, SQL, C#, Objective-C"
2011,C#
2011,"C#, VB.NET"
2011,delphi
2011,
2011,
2011,"JavaScript, CSS, PHP"
2011,"SQL, C#"
2011,CSS
2011,"JavaScript, PHP, SQL, C#, C++, C, Objective C"
2011,"Java, JavaScript, SQL, C#"
2011,C#
2011,"Java, JavaScript, CSS, Python, C, Perl, Prolog"
2011,"Python, C++, C"
2011,
2011,"JavaScript, CSS, PHP, SQL, C#"
2011,"Java, C#"
2011,
2011,"CSS, PHP, C"
2011,
2011,"Java, Python, Ruby, SQL, C#, Erlang"
2011,"Java, CSS, Python, SQL, C#"
2011,
2011,"JavaScript, CSS, SQL, C#, C++, C"
2011,"JavaScript, CSS, SQL, C#"
2011,"Java, JavaScript, CSS, SQL, C#"
2011,"Java, Python, SQL, C, Perl"
2011,"SQL, C#, vb"
2011,"Java, JavaScript, PHP, SQL, C#, C++"
2011,"JavaScript, CSS, SQL, C#"
2011,"JavaScript, CSS, PHP, SQL, C#"
2011,"JavaScript, CSS, PHP"
2011,"SQL, C#"
2011,"C, Perl"
2011,"SQL, C#"
2011,C#
2011,"JavaScript, CSS, SQL, C#"
2011,"PHP, SQL, C#, C++, C, Perl, VB.Net"
2011,
2011,
2011,"JavaScript, SQL, C#"
2011,"PHP, Actionscript 3"
2011,"C#, C"
2011,"Java, Python"
2011,"SQL, C#, C++"
2011,"CSS, SQL, C#, C++"
2011,"Java, JavaScript, CSS, SQL, C#"
2011,"Java, JavaScript, CSS, PHP, SQL"
2011,"Java, JavaScript, CSS, SQL"
2011,"C#, VBA, Coldfusion"
2011,"SQL, C#"
2011,
2011,"JavaScript, CSS, PHP, SQL, C#"
2011,"Java, JavaScript, CSS, PHP, SQL"
2011,"Java, Python, C++, C"
2011,asp.net c#
2011,"SQL, C#"
2011,"Python, SQL, Perl"
2011,
2011,"Java, JavaScript, CSS, PHP, Python, C#, C++, C, ocaml"
2011,"Java, CSS, SQL, C#, Objective-c"
2011,"JavaScript, CSS, SQL, C#"
2011,"JavaScript, SQL, C#"
2011,"Java, JavaScript, CSS, SQL, C#"
2011,"SQL, C#"
2011,"Ruby, C#"
2011,"Java, JavaScript, CSS, PHP"
2011,"Java, Python, Ruby, C#, f#"
2011,"SQL, coldfusion"
2011,"JavaScript, CSS, PHP, Ruby, SQL, Perl"
2011,None
2011,"JavaScript, CSS, SQL, C#"
2011,"C#, C++, C, Perl"
2011,"JavaScript, SQL, C#"
2011,
2011,"JavaScript, CSS, SQL, C#"
2011,
2011,"JavaScript, CSS, SQL, C#, Perl"
2011,C#
2011,"Java, JavaScript, CSS"
2011,"JavaScript, CSS, SQL, C#"
2011,"CSS, PHP, Ruby"
2011,
2011,"Java, SQL, C#"
2011,"CSS, SQL, C#, Basic"
2011,
2011,"CSS, Ruby, C#"
2011,"JavaScript, CSS, Ruby, SQL, C#"
2011,"JavaScript, CSS, C#"
2011,"Java, JavaScript, CSS, Ruby, C#, Perl"
2011,Webfocus
2011,"JavaScript, CSS, C#"
2011,"SQL, C#, C, Delphi"
2011,"SQL, PL/SQL"
2011,"JavaScript, CSS, SQL, C#"
2011,"JavaScript, CSS, C#"
2011,"Java, JavaScript, Ruby"
2011,"JavaScript, CSS, Ruby, C#"
2011,"JavaScript, CSS, SQL, C#, Perl"
2011,"JavaScript, CSS, SQL, C#"
2011,"Java, JavaScript, CSS, SQL, C++"
2011,"JavaScript, CSS, SQL, C#"
2011,"C++, C"
2011,"JavaScript, CSS, C#"
2011,"JavaScript, CSS, SQL, C#"
2011,"Java, JavaScript, CSS, SQL, C#, C++, C"
2011,"Java, JavaScript, CSS, PHP, SQL, C#"
2011,"SQL, C#"
2011,"SQL, C++, TCL"
2011,"JavaScript, SQL, C#"
2011,"JavaScript, CSS, SQL, C#"
2011,"Java, SQL, C++, C"
2011,"CSS, SQL, C#, C++, C"
2011,"C++, C"
2011,"JavaScript, CSS, PHP, SQL, C#, C++, C, Objective-C"
2011,"Java, SQL, C#"
2011,"JavaScript, CSS, PHP, SQL"
2011,SQL
2011,"JavaScript, SQL, C#, Flash, Flex, Actionscript"
2011,"JavaScript, CSS, PHP"
2011,"Java, PHP, bash"
2011,"Python, Ruby, C++, C"
2011,"Java, JavaScript, CSS, Python, SQL, Perl"
2011,"JavaScript, CSS, PHP, SQL"
2011,"JavaScript, CSS, PHP, SQL, Delphi"
2011,"JavaScript, CSS, Python, C, Perl, Maya MEL"
2011,
2011,"Java, JavaScript, CSS, PHP"
2011,"Java, JavaScript, CSS, SQL"
2011,"C++, C"
2011,"Java, C++, Perl"
2011,"JavaScript, CSS, SQL, C#"
2011,"CSS, Python, Ruby, C++, C, Objective-C"
2011,"Java, C#, C++, Nemerle"
2011,"JavaScript, CSS, SQL, vb.net"
2011,"Java, JavaScript, CSS, SQL, C#"
2011,"Java, SQL, C++, C, Objective C"
2011,"SQL, C#, C++"
2011,Python
2011,"JavaScript, CSS, PHP, SQL, C#"
2011,"Java, Python, Tcl"
2011,"Java, JavaScript, CSS, SQL, Objective-C"
2011,"CSS, PHP, SQL"
2011,"Java, JavaScript, CSS, PHP, SQL"
2011,"Java, Python, SQL, C#"
2011,"C#, C++, C"
2011,"Java, JavaScript, C#"
2011,"JavaScript, CSS, SQL, C#, C++"
2011,"Java, SQL, C#, C++"
2011,"JavaScript, CSS, SQL, C#"
2011,"Java, JavaScript, CSS, Python, SQL, Perl, Haskell"
2011,"C#, C"
2011,"Java, CSS, PHP"
2011,"JavaScript, CSS, SQL, C#"
2011,"JavaScript, CSS, PHP, SQL"
2011,"CSS, SQL, C#"
2011,"JavaScript, SQL, C#"
2011,"JavaScript, SQL, C#"
2011,
2011,"JavaScript, CSS, SQL, C#"
2011,"Java, C++, Perl"
2011,"JavaScript, CSS, PHP, SQL, C#"
2011,"JavaScript, CSS, PHP, Ruby, SQL, C++, C"
2011,"SQL, C#"
2011,"JavaScript, CSS, SQL, C#"
2011,"Java, JavaScript, SQL, C"
2011,"Java, Python, SQL, C#, Perl"
2011,"Java, JavaScript, CSS, Python, C++, C, SAS"
2011,"JavaScript, C#"
2011,"SQL, C#"
2011,"Java, JavaScript, CSS, SQL, C#, C++, C"
2011,"CSS, PHP, Python, SQL, C#"
2011,"Python, C#, Objective C"
2011,"C#, C++"
2011,"Java, CSS, SQL, C++, C, Perl, Common Lisp, Clojure, Scala, LaTeX"
2011,"JavaScript, CSS, SQL, C#, C++"
2011,"SQL, C++, C"
2011,
2011,"Java, Python"
2011,"CSS, SQL, C#, VB.NET"
2011,"JavaScript, SQL, C#"
2011,"Java, PHP, SQL, C#, C"
2011,"Java, JavaScript, CSS, PHP, Python, SQL, C++, C"
2011,"Java, JavaScript, CSS, PHP, Python, xslt"
2011,"JavaScript, CSS, SQL, C#"
2011,"JavaScript, CSS, PHP, SQL"
2011,"JavaScript, CSS, Python, SQL, C#"
2011,"SQL, vb.net"
2011,"Java, JavaScript, CSS, SQL, C#"
2011,"Java, Python, SQL, C#, C++, C, F#"
2011,"Java, JavaScript, CSS, PHP, SQL, C#"
2011,"JavaScript, CSS, Python, Ruby, C#, C"
2011,"Java, SQL, C#"
2011,"JavaScript, C++, C, Objective-C"
2011,"JavaScript, CSS, PHP"
2011,C#
2011,C#
2011,
2011,"Java, JavaScript"
2011,"Python, C++, C, Perl"
2011,"Java, JavaScript, SQL"
2011,"C++, C, Perl"
2011,"Java, Scala"
2011,"JavaScript, CSS, SQL, C#"
2011,"JavaScript, CSS, PHP, SQL, C++, C"
2011,Java
2011,"JavaScript, CSS, PHP"
2011,"JavaScript, CSS, PHP, SQL"
2011,
2011,"SQL, C#, C++, C"
2011,"JavaScript, SQL, C#"
2011,"Java, C#, C++"
2011,"CSS, PHP, SQL"
2011,
2011,
2011,
2011,
2011,"JavaScript, CSS, SQL, C#"
2011,"JavaScript, CSS, Python, SQL, C#"
2011,"Java, JavaScript, Python, Groovy Haskell"
2011,"JavaScript, SQL, C#"
2011,"C++, C, Perl"
2011,"JavaScript, Python"
2011,"JavaScript, CSS, PHP, Python, Ruby, SQL, C#"
2011,"JavaScript, CSS, Ruby, SQL, C#"
2011,"CSS, C#"
2011,"JavaScript, Python, C++, C"
2011,"C++, C, Objective-C"
2011,Java
2011,"Java, CSS, PHP, Python, SQL, C#, C++, C, Assembly, Lisp, Scheme, LOLCODE"
2011,"JavaScript, CSS, Ruby, SQL"
2011,"Java, JavaScript, CSS, PHP, Python, SQL, C#"
2011,"JavaScript, CSS, SQL, C#"
2011,"JavaScript, CSS, SQL, C#, C"
2011,"CSS, C#, C++"
2011,"JavaScript, CSS, SQL, C#"
2011,"Java, Python, Ruby, Haskell, Prolog"
2011,"CSS, SQL, C#, VBA"
2011,"C#, C++"
2011,"SQL, C#"
2011,"Java, Python, C++, C"
2011,"SQL, C#, C++, C"
2011,"JavaScript, CSS, PHP, SQL, Objective-C"
2011,"Java, JavaScript, SQL, C#, C, AS3"
2011,"Java, JavaScript, SQL, C#, Perl"
2011,"PHP, Ruby, SQL, VB, COBOL"
2011,"JavaScript, CSS, PHP, SQL, C, Perl"
2011,"SQL, C#, C++, C"
2011,"PHP, C++, C"
2011,"Java, JavaScript, CSS, Ruby, SQL, C#, Perl"
2011,"C#, C++"
2011,"SQL, C#"
2011,"SQL, C#, vb.net"
2011,"C#, PowerShell"
2011,"SQL, C#"
2011,"JavaScript, CSS, PHP, Python, SQL, C#, C++, C"
2011,"SQL, C#, C"
2011,"SQL, C++"
2011,"Java, JavaScript, Python, SQL, C++, C"
2011,"JavaScript, SQL, C#"
2011,"JavaScript, SQL, C#"
2011,"Java, SQL, C#, C++"
2011,"Java, JavaScript, CSS, PHP, Python, Ruby, SQL, C#, C"
2011,"JavaScript, CSS, SQL, C#, VB.NET"
2011,"C#, Visual Basic.NET"
2011,"Ruby, C"
2011,"CSS, SQL, C#"
2011,"JavaScript, SQL, C#"
2011,"JavaScript, CSS, Python, SQL, C#, C++, C"
2011,C#
2011,"Java, JavaScript, CSS, PHP, SQL, C#, C"
2011,"Java, JavaScript, CSS, PHP, Python, SQL, Groovy, ColdFusion"
2011,"SQL, C#"
2011,"SQL, C#, VB.NET"
2011,"CSS, C"
2011,"SQL, C#, C++, C, VB.NET"
2011,"Java, JavaScript, CSS, SQL, C#"
2011,"SQL, C#, C++, VB"
2011,"JavaScript, CSS, PHP, SQL, C#"
2011,"JavaScript, SQL, C#, C++, C"
2011,"Java, SQL, C#"
2011,"JavaScript, CSS, PHP, SQL, C#, VB"
2011,"Python, SQL, C"
2011,"JavaScript, CSS, SQL, C#, C++, C, Perl, XSLT"
2011,
2011,"SQL, C#, C++, VB"
2011,"Python, C++, C"
2011,
2011,"CSS, SQL, C#, ASP"
2011,"SQL, C#"
2011,"Java, JavaScript, CSS, SQL, C#, C++, C"
2011,"JavaScript, CSS, SQL, C#"
2011,"JavaScript, CSS, SQL, C#, VB.Net"
2011,Perl
2011,"Java, C#, Visual Basic"
2011,"Python, C++"
2011,"JavaScript, CSS, SQL, C#"
2011,"JavaScript, CSS, SQL, C#"
2011,"Java, JavaScript, CSS, Ruby, SQL, C++, C, Perl"
2011,"SQL, C++, C"
2011,C#
2011,"JavaScript, CSS, Ruby, SQL, C#, C++, C"
2011,
2011,"JavaScript, CSS, SQL, C#"
2011,"Java, JavaScript, CSS, PHP, SQL, Delphi"
2011,"C#, C++, C, Perl"
2011,"Java, SQL, C#, C++, C"
2011,"Java, Python, SQL, C#, C"
2011,"Java, JavaScript, CSS, SQL, C#"
2011,"JavaScript, CSS, SQL, C#"
2011,"JavaScript, SQL, C#"
2011,"JavaScript, CSS, SQL, C#"
2011,"JavaScript, CSS, SQL, C#, vb. technologies: asp.net, wpf, wcf"
2011,"JavaScript, CSS, SQL, VB.NET"
2011,"Java, SQL, C#"
2011,"SQL, C++, C"
2011,"JavaScript, CSS, PHP, Ruby, SQL"
2011,"JavaScript, CSS, Ruby, SQL"
2011,"JavaScript, CSS, PHP, SQL, C#"
2011,"JavaScript, CSS, PHP, C#"
2011,"Java, JavaScript, CSS, PHP, Python, SQL, C#, C++, C, Perl, Assembler (x86 and win32)"
2011,"JavaScript, CSS, PHP, SQL, C#"
2011,"CSS, PHP, JavaScript (incl. jQuery), HTML"
2011,"Java, JavaScript, CSS, SQL, C#"
2011,"Java, CSS, SQL"
2011,"Java, JavaScript, CSS, PHP, Python, SQL, ActionScript"
2011,"CSS, PHP, C#, C++, C, eiffel"
2011,"JavaScript, CSS, SQL, C#"
2011,C++
2011,"JavaScript, CSS, PHP, Ruby, SQL, C#"
2011,"Ruby, bash, awk, sed, linc 4gl"
2011,"Java, JavaScript, SQL, C#, C, VB6"
2011,"JavaScript, C#"
2011,"CSS, C#"
2011,"JavaScript, CSS, PHP, SQL, C#, C++, C, Perl"
2011,"Java, Python, C#, C++, C"
2011,"JavaScript, CSS, SQL, C#"
2011,"JavaScript, CSS, PHP, Ruby, SQL"
2011,"JavaScript, CSS, PHP, SQL, C#, C++, C"
2011,
2011,"JavaScript, CSS, SQL, C#"
2011,"JavaScript, CSS, C#"
2011,"Java, JavaScript, CSS, SQL, C#, Perl"
2011,"Java, C"
2011,"Java, JavaScript, CSS, SQL"
2011,"Java, JavaScript, Python, C#"
2011,"JavaScript, CSS, PHP, Python"
2011,"JavaScript, CSS, C#"
2011,SQL
2011,
2011,"Python, C++, C"
2011,"CSS, SQL, C#"
2011,"Java, JavaScript, CSS, PHP, SQL, C#, Perl"
2011,"JavaScript, CSS, SQL, C#"
2011,"JavaScript, CSS, PHP, SQL"
2011,"JavaScript, CSS, SQL, C#"
2011,"JavaScript, CSS, SQL, C#"
2011,"SQL, Coldfusion, Sybase Powerbuilder"
2011,"C++, C, ARM assembly"
2011,
2011,"JavaScript, CSS, SQL, classic asp (vbscript)"
2011,"JavaScript, CSS, PHP, xhtml, html"
2011,"Java, Python, SQL, C#, C++, C, Perl"
2011,"Java, JavaScript, CSS, SQL"
2011,"C#, C++, C"
2011,"JavaScript, CSS, SQL, C#"
2011,"JavaScript, CSS, PHP, Ruby"
2011,"C, VHDL"
2011,Java
2011,"Java, JavaScript, CSS, Python, SQL"
2011,"Java, JavaScript, SQL, C#"
2011,"Java, JavaScript, CSS, Python, SQL, C++, C, Perl"
2011,
2011,"JavaScript, CSS, SQL, C#, vb.net"
2011,"CSS, SQL, C#"
2011,"Java, JavaScript, CSS, C, Perl, Haskell"
2011,"Java, JavaScript, CSS, Ruby"
2011,"JavaScript, CSS, SQL, C#, C, Perl"
2011,"Java, JavaScript, CSS, PHP, SQL, C#, C++, C, MATLAB"
2011,LabVIEW
2011,"JavaScript, CSS, SQL, C#"
2011,"JavaScript, CSS, SQL, C#"
2011,"Java, JavaScript, CSS, SQL, C#, C++"
2011,"Java, Python, Ruby, SQL, C#, C++"
2011,vb.net
2011,Ruby
2011,"SQL, C#, Delphi"
2011,"SQL, C#, VB6"
2011,"JavaScript, CSS, PHP, C, Perl"
2011,"JavaScript, PHP, SQL, C++"
2011,"CSS, PHP, SQL, ColdFusion"
2011,"JavaScript, CSS, PHP, SQL, C#"
2011,"PHP, C#"
2011,"Java, SQL, C++, C"
2011,
2011,"C#, C++"
2011,"Java, JavaScript, CSS, SQL, C#"
2011,"Java, Python, Ruby, C++, C, Perl"
2011,"Java, JavaScript, CSS, PHP, Python, SQL, C#, C++, C"
2011,"Python, C, Common Lisp"
2011,"Python, C++, C, Perl"
2011,"CSS, Ruby, SQL, C#, VBA"
2011,"JavaScript, CSS, SQL, C#"
2011,Java
2011,"CSS, PHP, SQL, C#, C++, many"
2011,"Java, CSS, PHP, SQL, C#"
2011,"JavaScript, CSS, SQL, C#, C++"
2011,"JavaScript, CSS, C#"
2011,"JavaScript, CSS, SQL, C#"
2011,"Java, JavaScript, CSS, SQL"
2011,"Java, C#, C++, C"
2011,"Java, C#, C++, C"
2011,"Java, C#, C++"
2011,"Java, JavaScript, CSS, SQL, C#, XAML"
2011,"Java, JavaScript, CSS, PHP, SQL"
2011,"C, Perl"
2011,"Java, JavaScript, CSS, SQL, Groovy, Grails"
2011,"Java, JavaScript, CSS"
2011,"Java, JavaScript, CSS, PHP, Ruby, SQL, C++, C"
2011,Delphi
2011,"JavaScript, PHP, Python, Ruby"
2011,"Java, Python, SQL, C++, Prolog"
2011,"JavaScript, CSS, PHP, SQL"
2011,"SQL, C#"
2011,"C++, C, VB"
2011,"Java, SQL"
2011,"JavaScript, CSS, PHP, Python, SQL, C#, C"
2011,"SQL, C#, LabVIEW"
2011,"JavaScript, PHP, SQL, ABAP"
2011,"SQL, Delphi"
2011,PHP
2011,"Java, JavaScript, CSS, SQL, C#"
2011,"Python, C++, C"
2011,"JavaScript, SQL, C#, C++, C, Perl"
2011,"Java, JavaScript, CSS, PHP, SQL"
2011,"JavaScript, CSS, SQL, C#, VB"
2011,
2011,"Java, Python, C++, C"
2011,"Java, JavaScript, SQL, C++, C"
2011,"Java, JavaScript, CSS, PHP, Python, SQL, C++, C, Perl"
2011,"JavaScript, CSS, PHP, SQL, C#, Delphi"
2011,"SQL, C#"
2011,"Java, JavaScript, C#, C++, D"
2011,"JavaScript, CSS, SQL, VB.NET"
2011,
2011,"Java, JavaScript, CSS, PHP, SQL, C#"
2011,"JavaScript, CSS, PHP, SQL"
2011,"Java, JavaScript, CSS, SQL, C#"
2011,Ruby
2011,"Java, JavaScript, CSS, PHP, Ruby, SQL, C#, C, Perl, ObjectiveC"
2011,"Python, C#, C++, C, F#"
2011,"JavaScript, CSS, PHP, SQL, C#"
2011,"Java, C#, C"
2011,"Java, Python, C++, C, R"
2011,"JavaScript, Ruby"
2011,"JavaScript, CSS, SQL, C#, vb.net, actionscript"
2011,Java
2011,"Java, JavaScript, CSS, Python, C#, AutoHotkey"
2011,"SQL, C#"
2011,"Java, JavaScript, CSS, PHP, Ruby, SQL, C++, C, Perl"
2011,"JavaScript, CSS, SQL, C#"
2011,
2011,"JavaScript, CSS, PHP, SQL"
2011,
2011,"Java, JavaScript, CSS, SQL, C#"
2011,
2011,"Java, SQL"
2011,None
2011,"Java, JavaScript, CSS, PHP, Python, SQL, C#, C++, C, Perl"
2011,"C#, C++, C"
2011,"Java, JavaScript, PHP, Python, C#, C++, C"
2011,"Java, JavaScript, CSS, SQL, C#"
2011,"JavaScript, CSS, PHP, Ruby, SQL, C#, C++, C"
2011,
2011,"SQL, C#"
2011,"JavaScript, CSS, PHP, SQL, C#"
2011,"Python, C#, VB"
2011,"C#, VB.NET"
2011,
2011,"Java, JavaScript, CSS, SQL, C#"
2011,"JavaScript, CSS, SQL, C#, C++, C, Matlab, AWK, ..."
2011,"JavaScript, SQL, C#"
2011,"JavaScript, CSS, SQL, C#, C++"
2011,"Java, Python, C#"
2011,"JavaScript, CSS, SQL, C#"
2011,"PHP, SQL, C++"
2011,"Java, JavaScript, CSS, PHP, Python, SQL, C++, C, Perl"
2011,"CSS, PHP, Ruby"
2011,"Java, JavaScript, CSS, PHP, SQL, C#, VB.NET"
2011,"Java, JavaScript, Python, clojure"
2011,"Java, JavaScript, CSS, SQL"
2011,"SQL, C#"
2011,"SQL, C#"
2011,"C, Perl"
2011,C#
2011,
2011,"JavaScript, SQL, C#"
2011,"Java, JavaScript, CSS, PHP, Python, Ruby, SQL, flex"
2011,"Java, SQL"
2011,"JavaScript, CSS, Python, SQL, C#"
2011,"Ruby, SQL, C++, C, Perl, make, OCaml"
2011,"Python, C++, Delphi"
2011,"Java, JavaScript, CSS, SQL, C#, anything"
2011,"SQL, C#, Delphi"
2011,"JavaScript, CSS, PHP, SQL"
2011,"SQL, C#, C++, C"
2011,"CSS, PHP, Ruby, C#, C++, C"
2011,"Java, JavaScript, PHP, Python, SQL, C#, C++, C"
2011,"Java, SQL"
2011,Network
2011,"C, Objective-C"
2011,Java
2011,"JavaScript, CSS, PHP, Python, SQL, C#, C++, C"
2011,"Java, CSS, C#"
2011,"Java, JavaScript, Ruby, SQL"
2011,"CSS, PHP, SQL"
2011,"JavaScript, CSS, PHP, SQL, C#"
2011,"JavaScript, CSS, SQL, C#"
2011,"JavaScript, CSS, SQL, C#, C++, F#"
2011,"Java, JavaScript, SQL, C#, C"
2011,"JavaScript, C#, C++, C, assembly language"
2011,
2011,"Java, JavaScript, CSS, PHP, SQL, C#, C++"
2011,"JavaScript, CSS, SQL, C#"
2011,"JavaScript, CSS, SQL, C#"
2011,"JavaScript, CSS, PHP, Python, SQL, C++, C, Perl"
2011,"SQL, C#"
2011,"Java, PHP, Python, SQL, C#, Scala"
2011,C#
2011,"JavaScript, CSS, PHP"
2011,"SQL, C#"
2011,"SQL, C#, vb6"
2011,"JavaScript, C#"
2011,"Java, Python, Ruby, SQL"
2011,"Java, Python, C++"
2011,"PHP, SQL, VBA"
2011,"Java, JavaScript, Python"
2011,"Java, Python, SQL"
2011,"C#, C++"
2011,"Java, Python, SQL, C#, C++, C, Assembly, VB"
2011,"Java, JavaScript, CSS, PHP, Python, C#, C"
2011,"C#, C++"
2011,"C++, C, Perl"
2011,"Java, Python, C#, C++, C"
2011,"JavaScript, CSS, SQL, C#"
2011,None
2011,"Java, Ruby, SQL, groovy"
2011,"Java, C#"
2011,"Java, JavaScript, CSS, PHP, C#"
2011,"Java, C"
2011,"Java, CSS, PHP"
2011,"C++, C"
2011,SQL
2011,"JavaScript, SQL, C#, C++"
2011,"Java, JavaScript, CSS, SQL, C#, C++, C"
2011,"JavaScript, CSS, SQL, C#"
2011,"JavaScript, CSS, Python, Ruby, SQL"
2011,"Java, JavaScript, CSS, PHP, Ruby, SQL, C#, C++, C"
2011,"Java, C++, C"
2011,"JavaScript, PHP"
2011,"Java, JavaScript, CSS, SQL, C#"
2011,"JavaScript, CSS, PHP, SQL"
2011,Python
2011,"Java, CSS, PHP, SQL"
2011,"SQL, C#"
2011,"Java, JavaScript, CSS, Python, SQL, C++, C, Perl, OCaml"
2011,
2011,Python
2011,"Java, JavaScript, CSS, SQL, C, Objective-C"
2011,"JavaScript, CSS, SQL, C#, C++"
2011,"JavaScript, CSS, SQL, C#, Perl"
2011,"JavaScript, CSS, PHP, SQL, C#, VB.NET"
2011,"JavaScript, CSS, SQL, C#"
2011,"JavaScript, CSS, SQL, C#"
2011,"JavaScript, CSS, PHP, SQL, C#, C++, C"
2011,"JavaScript, CSS, PHP, SQL, C#"
2011,"SQL, C#"
2011,"Python, Perl"
2011,"Java, PHP, Python, SQL, C#, C++, C"
2011,"SQL, C#"
2011,"JavaScript, CSS, PHP"
2011,"JavaScript, CSS, PHP, Python, SQL, C++, C"
2011,"SQL, C#, VB.NET, VB6"
2011,C#
2011,"Java, PHP, SQL, C#"
2011,"C++, C, Perl"
2011,"JavaScript, CSS, PHP, SQL, C#"
2011,"JavaScript, CSS, SQL, C#"
2011,
2011,"C++, C"
2011,"Java, SQL, C++, C, LabVIEW, VB.NET"
2011,"Java, JavaScript, PHP, SQL, C#, C, Perl, Delphi"
2011,"Python, Ruby, C#, C++, C"
2011,"CSS, PHP, SQL"
2011,"Java, JavaScript, CSS, PHP, SQL, C++, UniQuery, UniBasic"
2011,"Java, JavaScript, CSS, Python, SQL"
2011,C#
2011,"PHP, Ruby"
2011,"CSS, PHP, Python, SQL, C++, C, MATLAb"
2011,"SQL, C#, C++, C"
2011,"JavaScript, CSS, PHP, SQL, C#"
2011,"Java, JavaScript, CSS, Ruby, SQL"
2011,"JavaScript, CSS, PHP, Python, SQL, C, Perl"
2011,"Python, Prolog"
2011,"Java, JavaScript, CSS, SQL, C#, C, Perl, vb"
2011,"Ruby, SQL, C, Perl"
2011,"SQL, PL/SQL"
2011,"Java, JavaScript, CSS, PHP, Python, SQL, C++, C"
2011,"Python, SQL, C++"
2011,"JavaScript, CSS, Python, SQL, C#, C++, ActionScript"
2011,"Java, JavaScript, CSS, PHP, Ruby"
2011,"Java, Python, SQL, C++, C, FORTRAN"
2011,"JavaScript, CSS, PHP, Python, SQL"
2011,"JavaScript, CSS, PHP, SQL, Delphi"
2011,"JavaScript, CSS, Python, C, Perl, Objective C"
2011,"Python, SQL, C, Perl"
2011,"JavaScript, CSS, SQL, C#, C"
2011,actionscript 3
2011,
2011,"JavaScript, CSS, Python, SQL, C#, F#, VB"
2011,"Python, Ruby, C++, C"
2011,"JavaScript, CSS, PHP, SQL, C#, C++, C"
2011,"C#, C++, C"
2011,"Java, SQL, C++, C, Scala"
2011,
2011,"JavaScript, CSS, SQL, C#"
2011,"Java, JavaScript, CSS, Python, SQL, C#"
2011,"JavaScript, CSS, Python, Ruby, C, Objective-C"
2011,
2011,"JavaScript, Python, SQL, C, Objective-C"
2011,"JavaScript, CSS, SQL, C#, ActionScript, Flex"
2011,"cobol, rexx, fortran, bash"
2011,"JavaScript, CSS, PHP, SQL"
2011,"SQL, C#, PowerShell"
2011,"Java, JavaScript, CSS, PHP, SQL, C++, C"
2011,"JavaScript, CSS, PHP, SQL, C"
2011,"Java, C++, C, lua, objective-c"
2011,"SQL, C#"
2011,"Java, JavaScript, CSS, PHP, SQL, C++, C, Perl, ccScript, shell"
2011,"Java, JavaScript, CSS, SQL, Objective-C, Ada"
2011,"Java, C"
2011,"Python, SQL, C#, C++"
2011,"JavaScript, CSS, SQL, C#"
2011,"Python, Ruby, C, Brainfuck"
2011,"Java, C#, C++, C"
2011,"JavaScript, CSS, C#, visual basic"
2011,
2011,
2011,"C++, C"
2011,
2011,"JavaScript, SQL, C#"
2011,"Java, JavaScript, CSS, PHP, Python, C#"
2011,"Java, JavaScript, CSS, C#"
2011,"JavaScript, CSS, Ruby, SQL, C#"
2011,"Java, JavaScript, SQL, C++, Perl"
2011,"JavaScript, CSS, Perl, Powershell, vbscript"
2011,"JavaScript, CSS, Python, C#"
2011,"JavaScript, CSS, SQL, ColdFusion"
2011,"Java, JavaScript, CSS, PHP, Python, ActionScript"
2011,"JavaScript, CSS, SQL, C#, VB, HTML"
2011,"Java, JavaScript, CSS"
2011,C#
2011,Visual Basic
2011,"SQL, C#"
2011,"Java, JavaScript, CSS, Ruby, SQL, Objective-C"
2011,"Java, JavaScript, CSS, PHP, Ruby, SQL, C#, C"
2011,"SQL, C#"
2011,"JavaScript, CSS, SQL, C#"
2011,Java
2011,C#
2011,Java
2011,"Ruby, Delphi, XSLT, Prolog"
2011,"JavaScript, CSS, PHP, SQL, C#, ColdFusion"
2011,"C#, C++, C"
2011,"Java, CSS, Python, Ruby, C++"
2011,"SQL, C#"
2011,"Java, JavaScript, CSS"
2011,"PHP, SQL, Visual Basic"
2011,Perl
2011,"Java, JavaScript, CSS, SQL, C++, C, Perl, groovy"
2011,"Java, SQL, C++, C, FORTRAN"
2011,"Java, C#, C++"
2011,"C++, C, Fortran"
2011,"Java, JavaScript, CSS, SQL, C#"
2011,"JavaScript, CSS, Python, C#, C++, C"
2011,"Java, Python, SQL, C"
2011,
2011,"JavaScript, CSS, SQL, C#"
2011,"CSS, C++, C, Perl"
2011,"Java, JavaScript, CSS, Python"
2011,"CSS, SQL, C#, VB.NET"
2011,
2011,"Java, C#, C++"
2011,"JavaScript, CSS, SQL, C#"
2011,"Java, Python, SQL"
2011,"CSS, C#"
2011,"Java, JavaScript, CSS, Python, Ruby, SQL"
2011,"JavaScript, CSS, SQL, VB.NET"
2011,"CSS, PHP, Python, C++, C"
2011,
2011,"Java, JavaScript, CSS, SQL, C#"
2011,"JavaScript, CSS, SQL, C#"
2011,"Java, SQL, C++, C"
2011,"Python, C"
2011,"JavaScript, CSS, SQL, C#"
2011,"JavaScript, CSS, C#, HTML"
2011,"Java, C#, C++, Perl"
2011,"Python, SQL, C#, C++, C"
2011,"JavaScript, CSS, SQL, C#, ASP, Delphi"
2011,"JavaScript, CSS, Ruby, SQL, C#"
2011,Java
2011,"PHP, SQL, C#, C++, C"
2011,"Java, JavaScript, CSS, PHP, SQL, C++, C"
2011,Perl
2011,"VHDL, Verilog"
2011,"JavaScript, Perl, XPATH XSLT"
2011,"Java, JavaScript, CSS, SQL"
2011,"JavaScript, CSS, SQL, C#"
2011,"C++, C, Delphi"
2011,"Java, JavaScript, CSS, Python, SQL"
2011,"JavaScript, PHP, Ruby"
2011,"JavaScript, PHP, SQL, C#, VB.net"
2011,"JavaScript, CSS, SQL, C#, English"
2011,"Java, C#, C++, C"
2011,"Java, JavaScript, CSS, PHP, Python, SQL"
2011,"Java, C++"
2011,
2011,"Java, CSS, SQL, C++, C, Object Pascal, Prolog"
2011,
2011,"Java, JavaScript, CSS, SQL"
2011,
2011,"JavaScript, CSS, Python, SQL, C#, C++, C"
2011,"Java, SQL, C#"
2011,Java
2011,ColdFusion
2011,"JavaScript, CSS, PHP, SQL, C++, C, Perl"
2011,SQL
2011,"Java, JavaScript, CSS, PHP, Python, Ruby, SQL, C#, C++, C, Perl"
2011,"Java, JavaScript, CSS, PHP, SQL, C#"
2011,
2011,"Java, JavaScript, CSS, PHP, Python, SQL, C#, C++, C"
2011,"CSS, PHP, C#"
2011,C#
2011,"JavaScript, CSS, PHP, SQL, C#, vb.net"
2011,"Java, PHP, Python, Ruby, C#, C++, C"
2011,"JavaScript, CSS, PHP, SQL"
2011,"PHP, SQL, C#, Delphi"
2011,C++
2011,"JavaScript, CSS, SQL, C#, VB.NET"
2011,"JavaScript, CSS, PHP, Python"
2011,"Python, SQL, C#, C"
2011,"Java, JavaScript, CSS, Ruby, SQL, C#, C, CSS is not a programming language."
2011,"Java, SQL, Perl"
2011,"JavaScript, CSS, C#"
2011,"JavaScript, PHP, Python, SQL, C#, Perl"
2011,C#
2011,"Ruby, C#"
2011,"Python, C++"
2011,"Perl, PowerShell"
2011,
2011,"JavaScript, CSS, SQL, C#"
2011,"Java, JavaScript, CSS, PHP, SQL, C#, C++, C"
2011,"C#, Delphi"
2011,"JavaScript, CSS, PHP, SQL"
2011,"PHP, C#"
2011,"Java, JavaScript, CSS, PHP, Python, SQL"
2011,C#
2011,"JavaScript, CSS, Ruby, SQL, C#, VB (why the fuck was this not a choice? C# snobs?)"
2011,"JavaScript, CSS, SQL, C#"
2011,"JavaScript, CSS, C#, C++"
2011,"Java, SQL, VB6"
2011,"JavaScript, CSS, SQL, C#"
2011,"Java, C++, C"
2011,"Java, JavaScript, Ruby, Scala"
2011,"JavaScript, CSS, SQL, C#"
2011,"Java, CSS, PHP, Python, SQL, C, Perl"
2011,
2011,"C++, C"
2011,"Java, JavaScript, Python, SQL, C#"
2011,"JavaScript, CSS, SQL, C#, C++"
2011,"Java, Python, C++"
2011,"JavaScript, CSS, PHP, SQL, C#"
2011,"JavaScript, CSS, SQL, C#"
2011,"Java, Ruby, C++, lisp"
2011,"JavaScript, CSS, PHP, Ruby, SQL"
2011,"Java, PHP, SQL, C#, C"
2011,"JavaScript, SQL, C#, VB.Net"
2011,"JavaScript, CSS, PHP, Python, SQL, C#"
2011,"SQL, C#, Delphi"
2011,"JavaScript, CSS, SQL, C#, C, Wasabi"
2011,"Java, JavaScript, CSS, PHP, SQL, C++, C, Perl, Lisp"
2011,"JavaScript, CSS, SQL, C#"
2011,"CSS, PHP, Python, SQL, C++, C, Perl"
2011,"Java, Python, C++, C"
2011,C#
2011,"JavaScript, CSS, Python, Ruby, SQL, C#"
2011,"JavaScript, CSS, PHP, Ruby, SQL"
2011,"Java, JavaScript, CSS, PHP, Ruby, SQL, C++, C"
2011,"Java, JavaScript, Python, C#, VB.Net, F#"
2011,"Java, JavaScript, CSS, PHP, SQL, Perl"
2011,"JavaScript, CSS, SQL, C#"
2011,"Java, C++"
2011,"JavaScript, CSS, C#"
2011,"C#, PowerShell"
2011,"JavaScript, CSS, PHP, SQL, C#"
2011,"JavaScript, CSS, SQL, C#"
2011,"JavaScript, CSS, SQL, C#"
2011,"JavaScript, CSS, SQL, C#"
2011,Perl
2011,"JavaScript, CSS, PHP, SQL, C#"
2011,"CSS, SQL, C#"
2011,"SQL, C#, C++"
2011,"Java, JavaScript, SQL, C#, LabVIEW"
2011,"Java, C#"
2011,"Java, JavaScript, Python, C++, C"
2011,"JavaScript, CSS, SQL, C#"
2011,"Java, C"
2011,"Python, C#"
2011,"JavaScript, CSS, SQL, C#, C++, C"
2011,"CSS, SQL, C#"
2011,"JavaScript, CSS, Python, C++, C"
2011,"JavaScript, CSS, SQL, C#"
2011,"Java, SQL"
2011,"JavaScript, CSS, SQL, C#"
2011,"Java, JavaScript, CSS, Ruby, SQL, Perl"
2011,"JavaScript, SQL, C#"
2011,"Ruby, SQL, C#, Delphi"
2011,delphi
2011,"Java, CSS, Python, Ruby, SQL, C"
2011,"Java, JavaScript, CSS, PHP, Ruby, SQL, C, Perl"
2011,"JavaScript, CSS, PHP, Python, SQL, C#, C"
2011,
2011,"Java, JavaScript, PHP, Python, SQL, C#, C++, C"
2011,
2011,"SQL, C, Perl, Shell"
2011,"C++, C, Perl"
2011,"SQL, C#, C++, C, Perl"
2011,"JavaScript, SQL, C#"
2011,"SQL, C#"
2011,"JavaScript, C#"
2011,"Java, Ruby, SQL, C#, C++, C"
2011,
2011,
2011,"Java, SQL, C++"
2011,VB .NET
2011,"JavaScript, SQL, C#, C++, C"
2011,"C#, C++, C, Perl"
2011,"JavaScript, CSS, PHP, SQL, C#"
2011,"JavaScript, CSS, PHP, Python, Ruby, SQL, C++"
2011,"SQL, C#"
2011,"JavaScript, CSS, PHP, SQL, C#"
2011,"Java, SQL, C++"
2011,"Java, JavaScript, CSS, PHP, SQL, Perl"
2011,"Java, JavaScript, SQL, C++, C, Perl"
2011,"C, Perl"
2011,"Java, Python, C++, C"
2011,"Java, SQL, C#"
2011,"SQL, C#"
2011,"Python, C++, C"
2011,"Java, JavaScript, CSS, PHP, SQL"
2011,
2011,"JavaScript, CSS, PHP, Ruby, SQL"
2011,"Java, JavaScript, CSS, SQL"
2011,"Java, JavaScript, CSS, PHP, Python, Ruby, SQL, C#, C++, C, Perl"
2011,
2011,"C++, C, objective-c"
2011,"JavaScript, CSS, SQL, C#"
2011,"Java, SQL, C#, C++"
2011,"Ruby, C#"
2011,"SQL, Delphi"
2011,"Java, C#, C++, C, ActionScript"
2011,"JavaScript, SQL, C#"
2011,"Java, JavaScript, CSS, SQL, C#"
2011,"SQL, C#"
2011,"JavaScript, CSS, PHP, Perl"
2011,"C#, VB.NET, VB6"
2011,"Java, JavaScript, CSS, Python, Ruby, SQL, C#, C++, C, Scheme, VB.Net, VB, VBA, VBScript, PowerShell, F#"
2011,"SQL, C#"
2011,"JavaScript, CSS, SQL, C#"
2011,"JavaScript, CSS, SQL, C#"
2011,"JavaScript, C#"
2011,
2011,"SQL, C#"
2011,"JavaScript, CSS, Python, SQL, C++"
2011,"JavaScript, CSS, SQL, C#"
2011,"JavaScript, CSS, SQL, C#"
2011,"Java, Scala"
2011,"Ruby, C#"
2011,"JavaScript, C#, C++, C"
2011,"Java, JavaScript, SQL"
2011,"Python, Ruby, SQL, C, IDL, MatLab, NumPy"
2011,"Java, JavaScript, CSS, SQL, C#"
2011,"Java, CSS, SQL, C#, C++, C"
2011,"Java, PHP, Python, C++, C"
2011,"SQL, C, VB."
2011,"JavaScript, CSS, PHP, Python, C, Objective-C"
2011,"PHP, SQL, C#, C, Perl"
2011,"Java, Python, C"
2011,"JavaScript, CSS, SQL, C#, Perl"
2011,"JavaScript, CSS, PHP, Python, SQL"
2011,"SQL, C#"
2011,"Java, JavaScript, CSS, C#, VB"
2011,"Java, SQL, C++"
2011,"JavaScript, CSS, Python, SQL, C#"
2011,"Java, JavaScript, CSS, SQL, C#, C++, C, Perl"
2011,Delphi
2011,C
2011,"Java, JavaScript, CSS, Python, Ruby, SQL, C++"
2011,"JavaScript, CSS, PHP, SQL"
2011,C++
2011,"JavaScript, CSS, SQL, C#"
2011,"Java, Python"
2011,SQL
2011,"C, Perl"
2011,"JavaScript, CSS, SQL, C#"
2011,"Java, JavaScript, CSS, SQL"
2011,"Java, Python, C#"
2011,"Java, C#, C++"
2011,
2011,"Java, JavaScript, CSS, Python, SQL"
2011,"Python, C++, C, Perl"
2011,"JavaScript, CSS, SQL, C#"
2011,"SQL, VB.Net"
2011,"C#, C++, C, SAS Datastep, JMP Scripting Language"
2011,"JavaScript, CSS, Python, SQL, C++, C"
2011,"Java, Python, SQL, C#, Delphi"
2011,"JavaScript, CSS, SQL, C#"
2011,"PHP, SQL"
2011,"Java, JavaScript"
2011,"Java, CSS, PHP, Python, Haskell"
2011,"Java, JavaScript, PHP, Ruby, SQL"
2011,
2011,SQL
2011,"C, Objective-C"
2011,"Java, JavaScript, CSS, SQL, Groovy"
2011,"Java, JavaScript, CSS, PHP, Python, SQL, C#, C, Befunge"
2011,"Python, SQL, C#"
2011,"Python, C"
2011,"Java, C#"
2011,"JavaScript, CSS, SQL, VB"
2011,"Java, SQL, C#"
2011,Python
2011,"SQL, C#, Silverlight"
2011,"C#, C++, C"
2011,"SQL, C#, C++, C, Assembly"
2011,"Java, C#, C++, C, Groovy"
2011,"SQL, C#, Perl"
2011,"JavaScript, CSS, PHP, SQL, Objective-C"
2011,"CSS, PHP, AutoIt"
2011,"C#, VB 6"
2011,"JavaScript, CSS, SQL, C#"
2011,"Java, SQL"
2011,"Java, Ruby, C++, C, Lisp"
2011,"JavaScript, CSS, C++, C"
2011,C#
2011,"Java, CSS, SQL, Groovy"
2011,
2011,
2011,"Java, Python, SQL, C#"
2011,"Java, CSS, PHP, Python, Ruby, SQL"
2011,"Python, C#, C++, C"
2011,
2011,
2011,"JavaScript, CSS, Ruby, SQL, C#"
2011,
2011,
2011,rexx
2011,
2011,"Java, PHP, SQL, C++, C"
2011,"SQL, C#, C++, C"
2011,"Java, CSS"
2011,
2011,C
2011,"C#, Smalltalk, VBScript"
2011,"SQL, C#, C++, C"
2011,"JavaScript, CSS, SQL, C#"
2011,"JavaScript, CSS, SQL, C#"
2011,"Java, JavaScript, CSS, SQL, C#, C++"
2011,"Java, JavaScript, CSS, SQL, Perl"
2011,"C, Perl"
2011,"JavaScript, CSS, Ruby, Objective-C"
2011,"JavaScript, C#, C++, Perl"
2011,"JavaScript, SQL, C#"
2011,"Java, CSS, SQL, C#"
2011,"Java, SQL, C#, C++, C"
2011,"JavaScript, CSS, PHP, SQL, C#"
2011,"JavaScript, SQL, C#, VB.NET and proud of it"
2011,"Java, JavaScript, CSS, PHP, SQL, C++, C, Perl, coldfusion"
2011,"JavaScript, CSS, PHP, SQL, Perl, Delphi"
2011,PHP
2011,
2011,"JavaScript, CSS, SQL, C#, C++, C, VB"
2011,"CSS, SQL, C#"
2011,"Java, CSS, PHP, Python, SQL, C++, C"
2011,"Java, JavaScript, CSS, PHP, Python, SQL, C#, C++, C"
2011,"Java, JavaScript, CSS, PHP, Python, SQL, C++, C, Perl"
2011,"Java, C#, C, COBOL"
2011,"Python, SQL, C#"
2011,"Java, C++, C, Perl"
2011,"Java, JavaScript, Ruby, C++"
2011,"Java, Python, Ruby, C++, C"
2011,"Java, C#, C++, C, Perl"
2011,"Java, PHP, SQL, C#"
2011,VB.NET
2011,"JavaScript, CSS, PHP, SQL, C#"
2011,"Java, C#, C++, C"
2011,Java
2011,"JavaScript, CSS, PHP"
2011,"JavaScript, CSS, PHP, SQL, C#"
2011,"JavaScript, CSS, SQL, C#"
2011,"JavaScript, CSS, SQL, C#"
2011,"SQL, C, Perl, VB"
2011,"C#, C++, C"
2011,"CSS, PHP, C#, VB.NET"
2011,"JavaScript, CSS, Python, HTML"
2011,"SQL, VB"
2011,"JavaScript, CSS, Python, SQL, C#, C"
2011,"JavaScript, CSS, Ruby, SQL, C#"
2011,"JavaScript, SQL, C#"
2011,
2011,"JavaScript, CSS, SQL, C#, C++, C"
2011,"JavaScript, CSS, PHP, SQL, C#"
2011,"Java, Python, SQL, C#, gosu"
2011,"SQL, C#"
2011,"JavaScript, CSS, PHP, SQL, C#, VB .NET, ActionScript"
2011,"Java, C#, C++"
2011,"JavaScript, CSS, SQL, C#"
2011,"Python, Haskell"
2011,SQL
2011,"Java, JavaScript, CSS, SQL, C, Perl, Scala"
2011,"CSS, SQL, C#, vb.net"
2011,"SQL, C#"
2011,"JavaScript, CSS, C#"
2011,"SQL, C#"
2011,"JavaScript, CSS, PHP"
2011,"JavaScript, CSS, PHP, SQL, C#"
2011,"PHP, SQL, Delphi, LabVIEW"
2011,"JavaScript, CSS, SQL, C#"
2011,"Java, C#, C++, C"
2011,"C++, Perl"
2011,"JavaScript, CSS, SQL, ColdFusion"
2011,"Java, JavaScript, CSS, Python, SQL, C#, C++, C"
2011,"Java, JavaScript, CSS, PHP, SQL, C++, C"
2011,"Python, C, Haskell"
2011,"JavaScript, PHP, Objective-C"
2011,"Python, C++, C"
2011,"SQL, C#"
2011,"CSS, Python, C"
2011,"Java, JavaScript, Python, SQL, C"
2011,"C#, C++"
2011,"Python, C#, C++, C"
2011,"CSS, PHP, SQL, JavaScript"
2011,"JavaScript, CSS, SQL, VB, COBOL"
2011,"SQL, C#"
2011,"Java, C++, C"
2011,"JavaScript, CSS, SQL, C#"
2011,"Java, Python, SQL, Perl"
2011,"JavaScript, CSS, PHP"
2011,
2011,"JavaScript, SQL, C++, C, Perl, lua"
2011,"Java, CSS, SQL, C#, C++"
2011,"SQL, C#, C++"
2011,"Java, JavaScript, CSS, PHP, Python, Ruby, SQL, C++, C, Perl, bash tcl objective-c"
2011,"Java, JavaScript, CSS, SQL"
2011,"JavaScript, SQL, C#"
2011,"Java, JavaScript, CSS, Python, SQL, C#"
2011,"CSS, PHP, Python, C, awk"
2011,"Java, JavaScript, CSS, Ruby, SQL, Objective-C"
2011,"Java, C#"
2011,"Java, PHP"
2011,"CSS, SQL, C++, C"
2011,"Python, C++, C"
2011,"JavaScript, CSS, PHP"
2011,"SQL, C#"
2011,"CSS, SQL, C#, FoxPro"
2011,"JavaScript, Ruby"
2011,"JavaScript, CSS, Python"
2011,"Java, JavaScript, CSS, SQL"
2011,C#
2011,
2011,"JavaScript, CSS, PHP, SQL, Perl"
2011,"JavaScript, C#, C++, Perl, Fortran"
2011,"CSS, PHP, Python, SQL, C"
2011,"JavaScript, CSS, SQL, C#"
2011,"JavaScript, CSS, SQL, C#"
2011,"JavaScript, SQL, C#"
2011,"Java, C++, C"
2011,"Java, JavaScript, CSS, PHP, Python, SQL, C#, C++, C"
2011,"CSS, SQL, C#"
2011,"SQL, C#"
2011,"JavaScript, SQL, C#"
2011,"Java, JavaScript, CSS, PHP, C#"
2011,"JavaScript, CSS, SQL, C#, XML, ActionScript"
2011,"Python, SQL, C++"
2011,"JavaScript, CSS, PHP, SQL, C#"
2011,"Java, JavaScript, CSS, PHP"
2011,"JavaScript, Python, C, Objective-C"
2011,"Java, CSS, PHP, C#"
2011,
2011,"Java, SQL, C#"
2011,"C++, C, Tcl"
2011,"Java, Python, SQL"
2011,"Java, Python, SQL"
2011,"JavaScript, CSS, PHP, SQL, C#, C++, C, Objective C"
2011,"Java, JavaScript, CSS, Ruby, SQL"
2011,"JavaScript, SQL, C#"
2011,"PHP, Ruby, C#, C++, C"
2011,"JavaScript, CSS, Python, Ruby, C#, C"
2011,"JavaScript, CSS, SQL, C#, RPG, LANSA"
2011,"Java, Python, C++"
2011,"JavaScript, CSS, Python, Ruby, SQL, C++, C"
2011,"SQL, C#, C++, C"
2011,"Java, JavaScript, CSS, Ruby, SQL"
2011,"JavaScript, CSS, PHP, Python, SQL"
2011,"JavaScript, CSS, SQL, C#, C"
2011,"Java, PHP, SQL, C#"
2011,"JavaScript, C#, vb.net"
2011,"Java, JavaScript, C, Perl"
2011,"CSS, Python, SQL, C#, XML, XSLT"
2011,"Ruby, C#"
2011,
2011,"Java, CSS, PHP, SQL, Perl"
2011,"Java, JavaScript, CSS, SQL, C#, Delphi"
2011,"CSS, Python, SQL, C#"
2011,"Java, C#"
2011,"Java, Python, SQL, C++, C"
2011,"Java, JavaScript, CSS, Python, SQL"
2011,"Java, Python, Ruby, Perl"
2011,"Python, Ruby, C, Perl, z/Assembler"
2011,"JavaScript, CSS, SQL, C#"
2011,"JavaScript, CSS, SQL, C#, C"
2011,"JavaScript, CSS, SQL, C#"
2011,"Java, JavaScript, Python, Ruby"
2011,"C, Object Pascal (Delphi)"
2011,"JavaScript, CSS, PHP, SQL, C#, Perl"
2011,"PHP, C#"
2011,"Java, JavaScript, CSS, Python, SQL, C#, C++, C, Perl"
2011,"Java, PHP, SQL"
2011,"Java, SQL, C#"
2011,None
2011,"CSS, PHP, Ruby, SQL, C#"
2011,"Java, JavaScript, C#, C++, C, Delphi, bash"
2011,"JavaScript, C#"
2011,"Java, Bash"
2011,"Python, C++"
2011,SQL
2011,C#
2011,"JavaScript, CSS, SQL, C#"
2011,
2011,"JavaScript, CSS, SQL, C#"
2011,"SQL, C#"
2011,"JavaScript, CSS, SQL, C#"
2011,"Python, C, R"
2011,"JavaScript, CSS, C++, C"
2011,"JavaScript, CSS, SQL, C#"
2011,"JavaScript, C#, C"
2011,"C, Assembler"
2011,SQL
2011,"C#, C++"
2011,"Java, ColdFusion"
2011,"CSS, SQL, C#"
2011,"JavaScript, CSS, Python"
2011,"Java, JavaScript, C++"
2011,"Java, JavaScript, CSS, Python, SQL"
2011,"JavaScript, CSS, Python, Ruby, SQL, C#, C"
2011,"JavaScript, CSS, Ruby, SQL"
2011,"Java, JavaScript, CSS, Python, Ruby, SQL, C#"
2011,"Java, JavaScript, CSS, PHP, SQL, C#"
2011,
2011,"JavaScript, CSS, SQL, C#"
2011,"Java, JavaScript, CSS, PHP, SQL, C"
2011,
2011,"Python, Ruby, C++, C, shel scripting"
2011,"C#, C++, Assembly, Delphi"
2011,"SQL, C#, C++, C"
2011,"JavaScript, Python, C#"
2011,"JavaScript, CSS, PHP, Python, SQL"
2011,"JavaScript, SQL, C#"
2011,"Java, JavaScript, CSS, Python, SQL, Perl"
2011,"PHP, C#"
2011,"Java, JavaScript, CSS, PHP, C++, C"
2011,"CSS, Python, C#"
2011,"Java, JavaScript, CSS, PHP, SQL, KRL"
2011,Delphi
2011,"Java, C#"
2011,"JavaScript, CSS, SQL, C, Perl"
2011,"Java, SQL, C#"
2011,
2011,"JavaScript, CSS, PHP, SQL"
2011,"Java, CSS, PHP, Python, SQL, C++, Perl"
2011,"Python, C++, R"
2011,"JavaScript, CSS, Ruby, SQL, C#"
2011,"JavaScript, C++, C, R"
2011,"Java, CSS, PHP, SQL, C#"
2011,"Java, CSS, SQL, C++"
2011,"Python, C++, C"
2011,"SQL, C#"
2011,"Java, JavaScript, CSS, Python, SQL"
2011,"Java, JavaScript, CSS, Ruby, SQL"
2011,"JavaScript, CSS, C#, C++"
2011,"JavaScript, CSS, PHP, SQL"
2011,"C#, C++"
2011,"SQL, C#"
2011,None
2011,"CSS, PHP, SQL, C#, C++, C, Perl"
2011,"CSS, PHP, HTML"
2011,"Java, JavaScript, CSS, C#, C++"
2011,"JavaScript, CSS, Python, SQL, C++"
2011,"JavaScript, CSS, PHP"
2011,"Java, JavaScript, CSS, PHP, SQL"
2011,"Java, JavaScript, CSS, SQL, C"
2011,"JavaScript, CSS, PHP, SQL"
2011,"JavaScript, CSS, SQL, C#, vb.net"
2011,"JavaScript, CSS, SQL, C#, C"
2011,"Java, JavaScript, CSS, PHP, SQL"
2011,"Java, CSS, PHP, SQL, C#"
2011,"JavaScript, CSS, PHP, Ruby, SQL, C++, C, Perl"
2011,"Java, JavaScript, CSS, PHP, Python, SQL, C, Perl, Haskell"
2011,"Java, JavaScript, CSS, PHP, Python, SQL, C#, C, Perl"
2011,"JavaScript, PHP, Python, SQL, C#"
2011,C++
2011,"C#, C++, C"
2011,"JavaScript, CSS, PHP, Python, SQL, Classic ASP"
2011,"JavaScript, CSS, PHP, SQL, C#, C++, C, Perl"
2011,"Java, JavaScript, CSS, PHP, SQL, C#, C++, Perl"
2011,"JavaScript, CSS, Python, SQL, C#, C++, C, F#"
2011,"JavaScript, CSS, PHP, Python, SQL"
2011,"PHP, Python, SQL"
2011,"SQL, C#, Perl, vb"
2011,"Python, C++, Matlab"
2011,"Java, SQL, C, Perl, Objective-C"
2011,"SQL, C#"
2011,"JavaScript, CSS, SQL, C#"
2011,"JavaScript, CSS, Ruby"
2011,"SQL, C#"
2011,"SQL, C#, C++"
2011,"Java, JavaScript, CSS, PHP, Python, SQL"
2011,"Java, SQL, C#"
2011,"SQL, C#, C++"
2011,"Java, JavaScript, CSS, Python, C++, C"
2011,"Java, SQL, C#"
2011,"JavaScript, CSS, SQL, C#, C"
2011,"C#, C"
2011,"JavaScript, PHP, Python, ColdFusion"
2011,
2011,"JavaScript, CSS, PHP, SQL, C#"
2011,"CSS, SQL, C#, C++, C, PL/SQL"
2011,Java
2011,"JavaScript, CSS, PHP, SQL"
2011,"JavaScript, Python, C#"
2011,Delphi
2011,"Java, JavaScript, CSS, SQL, C#"
2011,"Java, JavaScript, CSS, Python, SQL, C#"
2011,"SQL, C#, C++"
2011,"SQL, C#"
2011,Python
2011,
2011,"Java, JavaScript, CSS, PHP, SQL"
2011,"SQL, C#, C++, C, J"
2011,"C++, C, MATLAB, IDL"
2011,"JavaScript, CSS, PHP, HTML"
2011,
2011,
2011,"JavaScript, CSS"
2011,"JavaScript, CSS, SQL, C#"
2011,"Python, C++, C"
2011,"Python, C#, C++, C"
2011,
2011,"JavaScript, CSS, PHP, SQL, C#, C++, C"
2011,"C, Obj-c"
2011,"PHP, SQL, C, objective-c"
2011,Python
2011,
2011,Java
2011,"JavaScript, CSS, PHP"
2011,"JavaScript, CSS, PHP, SQL, C#, C++, VB.Net"
2011,"JavaScript, CSS, SQL, C#"
2011,"PHP, SQL"
2011,"C#, C"
2011,"JavaScript, CSS, PHP, Python, SQL, C#, VB.NET, Vala, Java"
2011,
2011,"SQL, C#, C++"
2011,
2011,"JavaScript, PHP, Python, SQL, C, Perl, Klingon"
2011,"SQL, C#"
2011,"SQL, C++, Perl"
2011,"JavaScript, CSS, PHP, SQL"
2011,
2011,
2011,"C, lua"
2011,"JavaScript, CSS, SQL, C#"
2011,"JavaScript, CSS, SQL, C#"
2011,
2011,"SQL, C++, C, Perl"
2011,"JavaScript, CSS, PHP, SQL"
2011,"JavaScript, CSS, Python, C#, C++, Java, Prolog"
2011,"C#, java"
2011,"CSS, Ruby, SQL, C#"
2011,
2011,"JavaScript, CSS, PHP"
2011,"SQL, C#, C, java, latex, powershell, asp.net"
2011,"JavaScript, CSS, SQL, C#, C++, C"
2011,"CSS, PHP, SQL, C++, C, Delphi"
2011,"JavaScript, CSS, Python, SQL, C"
2011,None
2011,
2011,"SQL, VB"
2011,"SQL, C#"
2011,
2011,"JavaScript, CSS, PHP, Ruby, SQL, C#"
2011,"JavaScript, CSS, PHP, Ruby, SQL"
2011,"JavaScript, C#, C"
2011,"CSS, PHP, SQL, Objective-C"
2011,"JavaScript, CSS, PHP, C#"
2011,"PHP, Python, C, Java"
2011,
2011,
2011,"JavaScript, CSS, PHP, SQL, Perl, Turbo Pascal 5.5 (no, seriously)"
2011,"JavaScript, CSS, PHP, SQL"
2011,"JavaScript, CSS, PHP, SQL"
2011,"JavaScript, CSS, SQL, C#, Perl"
2011,"JavaScript, CSS, PHP, SQL, C++, C"
2011,"SQL, C#, Perl"
2011,
2011,
2011,"JavaScript, CSS, PHP, SQL, C#, VB"
2011,"JavaScript, CSS, C#"
2011,"JavaScript, CSS, PHP, SQL"
2011,
2011,"CSS, SQL, Java, XSLT, Visual Basic .NET"
2011,"JavaScript, CSS, PHP, Python, SQL"
2011,"C, Java"
2011,JavaScript
2011,"JavaScript, CSS"
2011,
2011,"JavaScript, C"
2011,
2011,"JavaScript, CSS, PHP, Python, Ruby, SQL, C#"
2011,Java
2011,
2011,
2011,"JavaScript, CSS, Python, SQL, C#, C++, C"
2011,
2011,C#
2011,
2011,"JavaScript, CSS, PHP, SQL"
2011,"JavaScript, CSS, PHP, Python, SQL"
2011,"JavaScript, CSS, Python, SQL, C++"
2011,C#
2011,"JavaScript, CSS, PHP, C++, Haskell"
2011,C#
2011,"C, python"
2011,"Python, Ruby, SQL, Perl"
2011,"CSS, PHP, SQL, C, Perl"
2011,"Python, C#, C++"
2011,"JavaScript, CSS, SQL, C#, C++, C"
2011,"JavaScript, CSS, SQL, C#"
2011,C++
2011,
2011,
2011,"JavaScript, Ruby, SQL, JAVA"
2011,C#
2011,
2011,"SQL, C#, C++"
2011,"JavaScript, CSS, PHP, SQL"
2011,"JavaScript, CSS, PHP, SQL, php"
2011,"JavaScript, CSS, Python, Ruby, SQL, Java, AS1-3, Flex"
2011,"JavaScript, CSS, PHP, SQL, Flash"
2011,"JavaScript, CSS, PHP, SQL"
2011,
2011,"JavaScript, CSS, PHP, SQL, C#, C++, C"
2011,"CSS, PHP, Python, C"
2011,
2011,"JavaScript, CSS, Python, C, Objective-C"
2011,"Python, SQL, C#"
2011,"C, Objective-C"
2011,"JavaScript, CSS, SQL, C#, C++, C"
2011,"JavaScript, PHP, SQL, C++, Objective-C"
2011,"CSS, SQL, C#"
2011,
2011,"C#, C++, Java"
2011,"C#, Java"
2011,None
2011,"JavaScript, CSS, PHP, SQL, C#, Java"
2011,"JavaScript, CSS, PHP, SQL, C#, C++, Java"
2011,"JavaScript, CSS, PHP, Python, SQL"
2011,"JavaScript, CSS, SQL, C#"
2011,"JavaScript, CSS, SQL, C#"
2011,
2011,"Python, C++, C"
2011,"JavaScript, CSS, Java"
2011,"C++, Java, Mathematica"
2011,
2011,"PHP, Java"
2011,"JavaScript, CSS, C#"
2011,"SQL, Java"
2011,"JavaScript, Java"
2011,"JavaScript, CSS, SQL, C#, ASP, Visual Basic"
2011,"CSS, PHP, SQL, C#, C++, Common Lisp"
2011,"JavaScript, CSS, PHP, SQL, C#, C++, C"
2011,"C#, C++, C"
2011,"JavaScript, CSS, PHP, Python"
2011,"JavaScript, PHP, SQL"
2011,"JavaScript, CSS, PHP, Python, SQL, Perl"
2011,"JavaScript, CSS, Python, SQL, C#, C++, C"
2011,"JavaScript, CSS, PHP, SQL, C++, ActionScript"
2011,
2011,"JavaScript, CSS, PHP, Ruby, SQL, C#"
2011,"JavaScript, CSS, PHP, Ruby"
2011,"CSS, PHP, Ruby, SQL, C++, C, Perl, LabVIEW, MatLab"
2011,"JavaScript, CSS, PHP, Ruby, SQL, C#, C++"
2011,"C#, C++, C, Java"
2011,"JavaScript, CSS, C#"
2011,"Python, SQL, C#, AS3"
2011,"Ruby, Haskell"
2011,"JavaScript, CSS, Python, C, Objective-C"
2011,JavaScript
2011,"JavaScript, CSS, SQL, C#, C++"
2011,
2011,"JavaScript, CSS, PHP, Ruby"
2011,"SQL, C#, VB, VBA"
2011,"JavaScript, CSS, Python, C#, C++, C"
2011,"JavaScript, PHP, Python, SQL"
2011,"PHP, Python, SQL, C++"
2011,"JavaScript, CSS, PHP, SQL"
2011,"JavaScript, CSS, SQL, C#"
2011,SQL
2011,
2011,"JavaScript, PHP, SQL, Java"
2011,"JavaScript, CSS, Python, SQL, C#, C++"
2011,"JavaScript, CSS, PHP, SQL, C#"
2011,"JavaScript, CSS, SQL, C#"
2011,"JavaScript, CSS, PHP, SQL, C#, Perl"
2011,"JavaScript, CSS, SQL, C#, C++, C"
2011,Python
2011,"JavaScript, CSS, PHP, SQL"
2011,"JavaScript, CSS, PHP, SQL"
2011,"JavaScript, CSS, PHP, Python, SQL, C++"
2011,"JavaScript, CSS, Ruby, C, Common Lisp, Java"
2011,Java
2011,"C#, Java"
2011,cocoa
2011,"JavaScript, CSS, PHP, SQL, Java"
2011,"JavaScript, CSS, SQL, C#"
2011,"JavaScript, CSS, SQL, Java, XSLT"
2011,"JavaScript, CSS, Ruby, SQL, VB.Net"
2011,"C#, C++, C, Java"
2011,SQL
2011,
2011,"JavaScript, PHP, SQL, C, VB.Net"
2011,
2011,"JavaScript, CSS, Ruby, SQL, C++"
2011,"C#, C++, Java"
2011,"JavaScript, SQL, C#"
2011,java
2011,"JavaScript, CSS, PHP, SQL, C++, C"
2011,"JavaScript, PHP, C++"
2011,"JavaScript, CSS, Ruby, SQL, C#"
2011,"JavaScript, CSS"
2011,"CSS, PHP, C#, VB.NET"
2011,"JavaScript, CSS, PHP, SQL, C, Perl, HTML, VB6"
2011,"JavaScript, CSS, PHP, Python, SQL"
2011,Delphi
2011,"JavaScript, Java"
2011,"JavaScript, CSS, PHP, SQL, C#, C++, C, X3D"
2011,"JavaScript, SQL, C#, C++, C"
2011,"C++, C"
2011,"JavaScript, CSS, PHP, Java"
2011,
2011,"JavaScript, Java"
2011,C#
2011,
2011,"CSS, PHP, SQL"
2011,"JavaScript, CSS, C#, VB.NET, HTML"
2011,"JavaScript, CSS, SQL, C#"
2011,"JavaScript, CSS, SQL, C#, Java, asp.net"
2011,C#
2011,"JavaScript, CSS, PHP, Python, SQL, C#, C++, C"
2011,"JavaScript, CSS, PHP, SQL, C#, C++, C"
2011,"Python, Ruby, C#, C, Lua"
2011,"JavaScript, PHP, Ruby, SQL, C"
2011,C#
2011,"JavaScript, CSS, PHP"
2011,"JavaScript, CSS, SQL, C#"
2011,"JavaScript, CSS, PHP, SQL, C, Java, Scheme"
2011,
2011,Python
2011,"JavaScript, CSS"
2011,"JavaScript, CSS, PHP, SQL, C#"
2011,
2011,
2011,"JavaScript, CSS, SQL, C#, .NET"
2011,"JavaScript, CSS, PHP, SQL"
2011,"JavaScript, CSS, SQL, C#, Java, ActionScript"
2011,"JavaScript, CSS, PHP, C++, C"
2011,objective c
2011,"SQL, C#"
2011,"JavaScript, CSS, SQL, C++, C"
2011,"JavaScript, Python, Ruby, SQL, C#, C++, C, Realbasic, Objective-C"
2011,Java
2011,"JavaScript, CSS, SQL, C#, C++, C"
2011,"CSS, PHP, SQL, JAVA (shame on you for not having it on the list)"
2011,Java
2011,"JavaScript, C#, C++, Java"
2011,"JavaScript, CSS, SQL, VB.net, Java"
2011,"JavaScript, CSS, PHP, C++, C, objective-c"
2011,"JavaScript, CSS, SQL, C#"
2011,"JavaScript, CSS, PHP, Ruby, SQL"
2011,"CSS, Python, C++, C, JAVA"
2011,"CSS, SQL, C#, C++"
2011,
2011,"C#, C++, C"
2011,"JavaScript, CSS, C#"
2011,
2011,"JavaScript, CSS, PHP, SQL, C#"
2011,"C#, Delphi"
2011,"JavaScript, CSS, SQL, C#, C++, Perl, groovy"
2011,"JavaScript, SQL, C++, C, Java"
2011,"JavaScript, CSS, SQL, C#, C++"
2011,"C++, Java"
2011,"JavaScript, CSS, PHP, SQL, C#"
2011,"JavaScript, CSS, Perl, scheme, haskell"
2011,"JavaScript, CSS, PHP, Python, Ruby, SQL"
2011,"JavaScript, Java"
2011,"JavaScript, CSS, PHP, SQL"
2011,"Python, SQL, Java"
2011,C#
2011,"JavaScript, CSS, SQL, C#"
2011,"CSS, PHP, Python, C++, C, java"
2011,"JavaScript, CSS, PHP, SQL, Java"
2011,"JavaScript, SQL, C#"
2011,"SQL, C#, C++, C, Objective C"
2011,"Python, SQL, C#"
2011,"JavaScript, CSS, PHP, SQL, JSP"
2011,"PHP, Python, C++"
2011,"JavaScript, CSS, PHP, SQL, C++"
2011,"JavaScript, Python, SQL, C#, C++, C"
2011,"PHP, Python, Ruby, C#, C"
2011,JavaScript
2011,C++
2011,"JavaScript, CSS, Perl, Objective-C"
2011,C++
2011,"JavaScript, CSS, SQL, C#, C++"
2011,"JavaScript, CSS, C#, Java, JSP, HTML"
2011,"JavaScript, CSS, PHP, SQL, C#, C++, C, Perl, Java"
2011,Java
2011,"JavaScript, SQL, C#"
2011,"JavaScript, CSS, PHP, SQL, C#, C++, C"
2011,"JavaScript, CSS, PHP, SQL, C#"
2011,C#
2011,"JavaScript, CSS, Ruby, SQL, C#"
2011,"C#, C++, VB.NET, VB 6"
2011,"JavaScript, CSS, PHP, SQL"
2011,
2011,"JavaScript, CSS, PHP, Python, SQL, C#, C, Perl"
2011,"Python, C++"
2011,"JavaScript, CSS, SQL, C#, Java"
2011,"JavaScript, CSS, PHP, Python, SQL, Perl"
2011,"JavaScript, CSS, Python, SQL, C++, C, Perl"
2011,"Python, C#"
2011,"PHP, Ruby, SQL, C#"
2011,"JavaScript, CSS, PHP, Python, C++"
2011,"JavaScript, CSS, SQL, C#"
2011,"JavaScript, SQL, C#"
2011,"JavaScript, Ruby, C++, C, Perl, Scheme"
2011,"JavaScript, CSS, PHP, C#"
2011,"JavaScript, CSS, PHP"
2011,"Python, Java"
2011,"SQL, C++"
2011,"JavaScript, CSS, SQL, C#"
2011,"JavaScript, CSS, C#"
2011,"JavaScript, CSS, SQL, C#, ocaml"
2011,
2011,"JavaScript, CSS, Python, C++, C"
2011,"CSS, SQL, C#, F#"
2011,"SQL, pl/sql, Java"
2011,"JavaScript, CSS, SQL, C#, C++"
2011,"JavaScript, CSS, PHP, Python, SQL, C#, C, Perl, Obj-c, java"
2011,
2011,"JavaScript, CSS, PHP, Python, SQL, C++, C"
2011,"JavaScript, CSS, PHP, Ruby, SQL, C++, C"
2011,"JavaScript, CSS, PHP, SQL"
2011,"SQL, C#, C++, C, delphi"
2011,"JavaScript, CSS, Ruby, C++, Groovy"
2011,"SQL, C, Perl, You need a box for OS=UNIX "
2011,"JavaScript, SQL, C#"
2011,"CSS, C#, C"
2011,"JavaScript, CSS, PHP, SQL, C#, Perl, English"
2011,
2011,"JavaScript, CSS, PHP, SQL, C#"
2011,"JavaScript, CSS, Python, SQL, C#, C++, C"
2011,"JavaScript, SQL, Java (shocked this wasn't in the survey)"
2011,"JavaScript, CSS, Ruby, SQL, C#"
2011,"JavaScript, CSS, C#"
2011,"JavaScript, CSS, SQL, C#"
2011,"JavaScript, Python, C++, C"
2011,"JavaScript, CSS, Ruby, SQL, C, Perl"
2011,
2011,"JavaScript, CSS, Python, Ruby, C#"
2011,"JavaScript, CSS, PHP, Python, SQL, C#"
2011,"JavaScript, C++, C, Java"
2011,"JavaScript, Python, C++, C, Perl"
2011,"JavaScript, CSS, PHP, SQL, C#"
2011,"JavaScript, CSS, PHP, Python, Ruby, SQL, Java"
2011,"JavaScript, CSS, SQL, C#, C++, C, Perl"
2011,"JavaScript, CSS, SQL, C#"
2011,"JavaScript, CSS, PHP, SQL"
2011,"JavaScript, PHP, Python, SQL, Objective-C"
2011,"SQL, C#, C++"
2011,"JavaScript, CSS, PHP, C#, VB.NET, Avisynth, Shell"
2011,
2011,"CSS, SQL, C#"
2011,"JavaScript, CSS, PHP, Python, SQL, C#, C"
2011,"PHP, Python, C"
2011,"JavaScript, CSS, PHP, Python, SQL"
2011,
2011,"JavaScript, CSS, C, Perl, HTML, LaTeX"
2011,"JavaScript, CSS, PHP, SQL, C++"
2011,
2011,"JavaScript, CSS, SQL, C#, C++, C"
2011,"JavaScript, CSS, SQL, C#"
2011,"JavaScript, CSS, PHP, SQL, C#"
2011,"JavaScript, PHP, Python, SQL, Perl"
2011,"C#, C++, C"
